latitude,longitude,co2_tonnes
26.350000,80.050000,18441.199219
26.350000,80.050000,18441.199219
26.350000,80.150000,10543.900391
26.350000,80.250000,13043.099609
26.350000,80.350000,57417.300781
26.350000,80.450000,18851.900391
26.350000,80.550000,9178.389648
26.350000,80.650000,13403.299805
26.350000,80.750000,15959.200195
26.350000,80.850000,12389.599609
26.350000,80.950000,36436.500000
26.350000,81.050000,33104.000000
26.350000,81.150000,11184.000000
26.350000,81.250000,15414.599609
26.350000,81.350000,13370.900391
26.350000,81.450000,16313.900391
26.350000,81.550000,17552.199219
26.350000,81.650000,28875.000000
26.350000,81.750000,17871.599609
26.350000,81.850000,18673.099609
26.350000,81.950000,15407.400391
26.350000,82.050000,18972.000000
26.350000,82.150000,25297.099609
26.350000,82.250000,16739.599609
26.350000,82.350000,14236.299805
26.350000,82.450000,17280.400391
26.350000,82.550000,38175.101563
26.350000,83.050000,17909.199219
26.350000,83.150000,9683.570313
26.350000,83.050000,17909.199219
26.350000,83.150000,9683.570313
26.350000,83.250000,10092.500000
26.350000,83.350000,47052.199219
26.350000,83.450000,35870.000000
26.350000,83.550000,24220.800781
26.350000,83.650000,40414.199219
26.350000,83.750000,29230.500000
26.350000,83.850000,37283.800781
26.350000,83.950000,25909.300781
26.350000,84.050000,26698.900391
26.350000,84.150000,34196.898438
26.350000,84.250000,54992.898438
26.350000,84.350000,72917.500000
26.350000,84.450000,59178.898438
26.350000,84.550000,65665.296875
26.350000,84.650000,23477.300781
26.350000,84.750000,33709.199219
26.350000,84.850000,54679.500000
26.350000,84.950000,42518.601563
26.350000,85.050000,32521.699219
26.350000,85.150000,32140.699219
26.350000,85.250000,53398.300781
26.350000,85.350000,59511.601563
26.350000,85.450000,41046.500000
26.350000,85.550000,60801.199219
26.350000,86.050000,133833.000000
26.350000,86.150000,54063.199219
26.350000,86.050000,133833.000000
26.350000,86.150000,54063.199219
26.350000,86.250000,28288.900391
26.350000,86.350000,38090.699219
26.350000,86.450000,36253.898438
26.350000,86.550000,39181.898438
26.350000,86.650000,22112.400391
26.350000,86.750000,15928.099609
26.350000,86.850000,26813.099609
26.350000,86.950000,35989.800781
26.350000,87.050000,31896.900391
26.350000,87.150000,28996.400391
26.350000,87.250000,73047.500000
26.350000,87.350000,32800.601563
26.350000,87.450000,14554.799805
26.350000,87.550000,16082.400391
26.350000,87.650000,19130.699219
26.350000,87.750000,17534.199219
26.350000,87.850000,17864.500000
26.350000,87.950000,98511.398438
26.350000,88.050000,88164.898438
26.350000,88.150000,35419.699219
26.350000,88.250000,16009.200195
26.450000,80.050000,19408.199219
26.450000,80.150000,121693.000000
26.450000,80.250000,4678760.000000
26.450000,80.750000,40948.800781
26.450000,80.850000,50265.601563
26.450000,80.750000,40948.800781
26.450000,80.850000,50265.601563
26.450000,80.950000,15562.700195
26.450000,81.050000,26583.099609
26.450000,81.150000,35987.601563
26.450000,81.250000,14275.400391
26.450000,81.350000,13846.099609
26.450000,81.450000,20475.900391
26.450000,81.550000,117635.000000
26.450000,81.650000,23954.699219
26.450000,81.750000,15739.599609
26.450000,81.850000,16898.500000
26.450000,81.950000,13813.000000
26.450000,82.050000,17230.599609
26.450000,82.150000,18114.300781
26.450000,82.250000,20198.000000
26.450000,82.350000,21456.099609
26.450000,82.450000,35010.101563
26.450000,82.550000,57401.898438
26.450000,82.650000,33836.800781
26.450000,82.750000,58525.800781
26.450000,82.850000,29377.800781
26.450000,82.950000,21755.199219
26.450000,83.050000,14273.799805
26.450000,83.150000,19890.300781
26.450000,83.250000,50635.601563
26.450000,83.350000,29897.199219
26.450000,83.450000,24587.500000
26.450000,83.550000,24910.099609
26.450000,83.650000,41234.601563
26.450000,83.750000,62388.000000
26.450000,83.850000,44738.699219
26.450000,83.950000,29835.699219
26.450000,84.050000,33231.898438
26.450000,84.150000,49280.898438
26.450000,84.250000,70121.296875
26.450000,84.350000,29713.500000
26.450000,84.450000,40730.300781
26.450000,84.550000,19125.400391
26.450000,84.650000,60029.300781
26.450000,84.750000,43786.101563
26.450000,84.850000,28937.699219
26.450000,84.950000,20565.199219
26.450000,85.050000,38366.699219
26.450000,85.150000,40041.101563
26.450000,85.250000,34211.800781
26.450000,85.350000,48862.199219
26.450000,85.450000,42626.500000
26.450000,85.550000,34369.898438
26.450000,85.650000,67979.000000
26.450000,85.750000,48086.800781
26.450000,85.850000,74302.101563
26.450000,85.950000,44202.398438
26.450000,86.050000,41107.800781
26.450000,86.150000,55004.000000
26.450000,86.250000,31762.900391
26.450000,86.350000,38109.800781
26.450000,86.450000,39849.101563
26.450000,86.550000,16294.000000
26.450000,86.650000,16297.700195
26.450000,86.750000,29369.400391
26.450000,86.850000,4292.589844
26.450000,86.950000,14271.299805
26.450000,87.050000,35498.398438
26.450000,87.150000,12728.099609
26.450000,87.250000,111693.000000
26.450000,87.350000,198779.000000
26.450000,87.450000,150368.000000
26.450000,87.550000,9022.190430
26.450000,87.650000,13591.000000
26.450000,87.750000,12288.700195
26.450000,87.850000,66331.796875
26.450000,87.950000,28730.699219
26.450000,88.050000,24918.500000
26.450000,88.150000,25395.400391
26.450000,88.250000,25316.599609
26.550000,80.050000,16182.099609
26.550000,80.150000,12993.900391
26.550000,80.250000,107565.000000
26.550000,80.350000,30103.800781
26.550000,80.450000,169008.000000
26.550000,80.550000,174247.000000
26.550000,80.650000,44665.101563
26.550000,80.750000,11918.700195
26.550000,80.850000,17423.000000
26.550000,80.950000,30782.000000
26.550000,81.050000,20891.699219
26.550000,81.150000,22454.800781
26.550000,81.250000,40559.199219
26.550000,81.350000,21084.400391
26.550000,81.450000,16699.099609
26.550000,81.550000,40138.000000
26.550000,81.650000,17554.599609
26.550000,81.750000,20518.099609
26.550000,81.850000,22406.400391
26.550000,81.950000,14281.500000
26.550000,82.050000,15241.900391
26.550000,82.150000,18324.800781
26.550000,82.250000,16795.599609
26.550000,82.350000,41650.500000
26.550000,82.450000,43547.199219
26.550000,82.550000,803336.000000
26.550000,82.650000,9418010.000000
26.550000,82.750000,20470.000000
26.550000,82.850000,26348.500000
26.550000,82.950000,35205.000000
26.550000,83.050000,40664.699219
26.550000,83.150000,42880.699219
26.550000,83.250000,43735.800781
26.550000,83.350000,28861.199219
26.550000,83.450000,19612.199219
26.550000,83.550000,19515.000000
26.550000,83.650000,31497.800781
26.550000,83.750000,78383.000000
26.550000,83.850000,42840.800781
26.550000,83.950000,22397.900391
26.550000,84.050000,28325.400391
26.550000,84.150000,42758.000000
26.550000,84.250000,46547.898438
26.550000,84.350000,35835.199219
26.550000,84.450000,8815.790039
26.550000,84.550000,19375.400391
26.550000,84.650000,62743.101563
26.550000,84.750000,37079.601563
26.550000,84.850000,39232.898438
26.550000,84.950000,21522.400391
26.550000,85.050000,44514.398438
26.550000,85.150000,36262.699219
26.550000,85.250000,40995.000000
26.550000,85.350000,48620.699219
26.550000,85.450000,51220.601563
26.550000,85.550000,64934.300781
26.550000,85.650000,50043.601563
26.550000,85.750000,37473.500000
26.550000,85.850000,50333.199219
26.550000,85.950000,20489.599609
26.550000,86.050000,26960.500000
26.550000,86.150000,34635.199219
26.550000,86.250000,29502.800781
26.550000,86.350000,26211.800781
26.550000,86.450000,31167.400391
26.550000,86.550000,29103.099609
26.550000,86.650000,15351.400391
26.550000,86.750000,22193.099609
26.550000,86.850000,23039.300781
26.550000,86.950000,36831.699219
26.550000,87.050000,43870.000000
26.550000,87.150000,30294.599609
26.550000,87.250000,506743.000000
26.550000,87.350000,82972.703125
26.550000,87.450000,12346.799805
26.550000,87.550000,6687.330078
26.550000,87.650000,6860.459961
26.550000,87.750000,71034.898438
26.550000,87.850000,3753.899902
26.550000,87.950000,106173.000000
26.550000,88.050000,116821.000000
26.550000,88.150000,19676.500000
26.550000,88.250000,14841.000000
26.650000,80.050000,27985.699219
26.650000,80.150000,39128.699219
26.650000,80.250000,68103.101563
26.650000,80.350000,26447.699219
26.650000,80.450000,42202.199219
26.650000,80.550000,13523.599609
26.650000,80.650000,41264.101563
26.650000,80.750000,18252.500000
26.650000,80.850000,16661.500000
26.650000,80.950000,49826.500000
26.650000,81.050000,17709.400391
26.650000,81.150000,25825.099609
26.650000,81.250000,18123.400391
26.650000,81.350000,47155.500000
26.650000,81.450000,18684.099609
26.650000,81.550000,15524.799805
26.650000,81.650000,13424.299805
26.650000,81.750000,17263.099609
26.650000,82.150000,19842.000000
26.650000,82.250000,23442.500000
26.650000,82.350000,00000
26.650000,82.150000,19842.000000
26.650000,82.250000,23442.500000
26.650000,82.350000,42693.500000
26.650000,82.450000,16639.199219
26.650000,82.550000,18445.699219
26.650000,82.650000,30786.800781
26.650000,82.750000,35893.898438
26.650000,82.850000,26914.900391
26.650000,82.950000,20980.699219
26.650000,83.050000,30154.599609
26.650000,83.150000,20853.199219
26.650000,83.250000,39534.800781
26.650000,83.350000,15898.500000
26.650000,83.450000,19563.900391
26.650000,83.550000,50855.101563
26.650000,83.650000,41098.898438
26.650000,83.750000,19766.699219
26.650000,83.850000,31455.000000
26.650000,83.950000,19969.300781
26.650000,84.050000,28829.500000
26.650000,84.150000,37764.101563
26.650000,84.250000,32256.699219
26.650000,84.350000,18146.699219
26.650000,84.450000,12073.299805
26.650000,84.550000,45766.699219
26.650000,84.650000,23977.699219
26.650000,84.750000,31198.199219
26.650000,84.850000,49878.101563
26.650000,84.950000,91384.601563
26.650000,85.050000,46986.898438
26.650000,85.150000,76328.601563
26.650000,85.250000,57211.601563
26.650000,85.350000,53376.601563
26.650000,85.450000,53084.000000
26.650000,85.550000,29826.699219
26.650000,85.650000,34199.199219
26.650000,85.750000,42371.601563
26.650000,85.850000,44257.500000
26.650000,85.950000,63680.699219
26.650000,86.050000,37091.800781
26.650000,86.150000,25291.800781
26.650000,86.250000,19683.900391
26.650000,86.350000,17722.599609
26.650000,86.450000,5424.620117
26.650000,86.550000,26288.099609
26.650000,86.650000,25598.400391
26.650000,86.750000,24147.400391
26.650000,86.850000,24102.800781
26.650000,86.950000,10280.900391
26.650000,87.050000,6756.189941
26.650000,87.150000,46869.800781
26.650000,87.250000,205135.000000
26.650000,87.350000,46844.000000
26.650000,87.450000,25013.400391
26.650000,87.550000,28937.300781
26.650000,87.650000,111091.000000
26.650000,87.750000,97984.000000
26.650000,87.850000,28278.000000
26.650000,87.950000,66714.703125
26.650000,88.050000,77514.703125
26.650000,88.150000,31710.900391
26.650000,88.250000,12155.700195
26.750000,80.050000,27000.099609
26.750000,80.150000,14454.400391
26.750000,80.250000,17251.000000
26.750000,80.350000,51612.199219
26.750000,80.450000,33829.199219
26.750000,80.550000,34713.800781
26.750000,80.650000,60739.101563
26.750000,80.750000,14535.000000
26.750000,80.850000,316385.000000
26.750000,80.950000,118823.000000
26.750000,81.050000,19822.800781
26.750000,81.150000,23937.599609
26.750000,81.250000,24311.800781
26.750000,81.350000,36104.000000
26.750000,81.450000,18745.300781
26.750000,81.550000,16376.099609
26.750000,81.650000,34100.199219
26.750000,81.750000,26071.699219
26.750000,81.850000,15113.299805
26.750000,81.950000,16803.900391
26.750000,82.050000,47880.300781
26.750000,82.150000,110741.000000
26.750000,82.250000,45291.898438
26.750000,82.350000,12986.500000
26.750000,82.450000,18364.699219
26.750000,82.550000,20503.699219
26.750000,82.650000,16904.300781
26.750000,82.750000,66957.601563
26.750000,82.850000,30469.599609
26.750000,82.950000,27309.699219
26.750000,83.050000,64511.800781
26.750000,83.150000,38985.898438
26.750000,83.250000,319384.000000
26.750000,83.350000,154071.000000
26.750000,83.450000,66234.000000
26.750000,83.550000,25010.599609
26.750000,83.650000,79955.203125
26.750000,83.750000,41440.101563
26.750000,83.850000,26073.000000
26.750000,83.950000,52711.398438
26.750000,84.050000,35076.699219
26.750000,84.150000,52931.500000
26.750000,84.250000,59184.101563
26.750000,84.350000,7286.970215
26.750000,84.450000,36257.101563
26.750000,84.550000,88936.296875
26.750000,84.650000,34801.101563
26.750000,84.750000,34963.601563
26.750000,84.850000,14754.500000
26.750000,84.950000,33190.898438
26.750000,85.050000,19096.199219
26.750000,85.150000,43198.199219
26.750000,85.250000,41993.500000
26.750000,85.350000,24462.300781
26.750000,85.450000,40428.199219
26.750000,85.550000,23062.800781
26.750000,85.650000,41966.898438
26.750000,85.750000,33498.300781
26.750000,85.850000,19210.900391
26.750000,85.950000,66567.703125
26.750000,86.050000,16679.800781
26.750000,86.150000,9526.559570
26.750000,86.250000,7732.470215
26.750000,86.350000,29476.099609
26.750000,86.450000,34007.398438
26.750000,86.550000,7672.379883
26.750000,86.650000,187783.000000
26.750000,86.750000,1152.540039
26.750000,86.850000,1686.270020
26.750000,86.950000,7846.359863
26.750000,87.050000,1025.630005
26.750000,87.150000,13056.900391
26.750000,87.250000,12519.200195
26.750000,87.350000,2249.280029
26.750000,87.450000,3696.379883
26.750000,87.550000,3893.780029
26.750000,87.650000,9118.830078
26.750000,87.750000,2948.439941
26.750000,87.850000,6572.330078
26.750000,87.950000,10030.700195
26.750000,88.050000,23487.199219
26.750000,88.150000,28570.400391
26.750000,88.250000,16973.900391
26.850000,80.050000,44011.898438
26.850000,80.150000,34283.699219
26.850000,80.250000,69360.203125
26.850000,80.350000,34965.398438
26.850000,80.450000,37633.101563
26.850000,80.550000,29451.000000
26.850000,80.650000,18214.500000
26.850000,80.750000,32171.500000
26.850000,80.850000,217197.000000
26.850000,80.950000,702086.000000
26.850000,81.050000,132603.000000
26.850000,81.150000,18941.000000
26.850000,81.250000,35402.800781
26.850000,81.350000,17888.000000
26.850000,81.450000,17188.599609
26.850000,81.550000,27508.900391
26.850000,81.650000,25618.599609
26.850000,81.750000,14721.400391
26.850000,81.850000,9864.719727
26.850000,81.950000,12378.000000
26.850000,82.050000,14722.099609
26.850000,82.150000,44344.398438
26.850000,82.250000,22673.699219
26.850000,82.350000,16719.000000
26.850000,82.450000,16611.000000
26.850000,82.550000,17425.599609
26.850000,82.650000,17721.199219
26.850000,82.750000,95155.601563
26.850000,82.850000,44676.800781
26.850000,82.950000,31769.599609
26.850000,83.050000,34357.800781
26.850000,83.150000,19247.900391
26.850000,83.250000,13163.700195
26.850000,83.350000,31567.800781
26.850000,83.450000,41328.101563
26.850000,83.550000,18084.800781
26.850000,83.650000,21233.000000
26.850000,83.750000,32710.599609
26.850000,83.850000,20234.500000
26.850000,83.950000,31663.900391
26.850000,84.050000,49440.601563
26.850000,84.150000,48627.199219
26.850000,84.250000,7333.350098
26.850000,84.350000,20856.000000
26.850000,84.450000,37582.800781
26.850000,84.550000,76611.398438
26.850000,84.650000,27678.599609
26.850000,84.750000,33717.898438
26.850000,84.850000,27686.000000
26.850000,84.950000,30472.099609
26.850000,85.050000,27634.599609
26.850000,85.150000,32769.500000
26.850000,85.250000,37056.500000
26.850000,85.350000,8732.700195
26.850000,85.450000,14024.299805
26.850000,85.550000,35957.800781
26.850000,85.650000,19026.699219
26.850000,85.750000,30579.699219
26.850000,85.850000,24162.599609
26.850000,85.950000,32721.400391
26.850000,86.050000,15515.799805
26.850000,86.150000,27260.400391
26.850000,86.250000,128514.000000
26.850000,86.350000,6770.069824
26.850000,86.450000,1277.469971
26.850000,86.550000,1078.069946
26.850000,86.650000,981.575012
26.850000,86.750000,864.254028
26.850000,86.850000,1523.140015
26.850000,86.950000,1329.949951
26.850000,87.050000,1032.869995
26.850000,87.150000,2486.310059
26.850000,87.250000,55687.000000
26.850000,87.350000,8913.089844
26.850000,87.450000,5208.270020
26.850000,87.550000,4553.759766
26.850000,87.650000,3875.830078
26.850000,87.750000,7217.859863
26.850000,87.850000,4566.069824
26.850000,87.950000,4369.180176
26.850000,88.050000,39287.800781
26.850000,88.150000,33113.000000
26.850000,88.250000,98987.296875
26.950000,80.050000,15855.700195
26.950000,80.150000,31559.400391
26.950000,80.250000,20940.800781
26.950000,80.350000,19940.000000
26.950000,80.450000,18079.900391
26.950000,80.550000,25724.099609
26.950000,80.650000,35247.500000
26.950000,80.750000,27467.599609
26.950000,80.850000,11594.299805
26.950000,80.950000,135636.000000
26.950000,81.450000,18793.900391
26.950000,81.550000,27943.300781
26.950000,81.450000,18793.900391
26.950000,81.550000,27943.300781
26.950000,81.650000,14747.099609
26.950000,81.750000,13522.700195
26.950000,81.850000,21057.000000
26.950000,81.950000,26470.900391
26.950000,82.050000,23773.500000
26.950000,82.150000,49078.800781
26.950000,82.250000,12463.000000
26.950000,82.350000,16301.599609
26.950000,82.450000,38489.699219
26.950000,82.550000,19128.599609
26.950000,82.650000,28392.699219
26.950000,82.750000,31615.599609
26.950000,82.850000,17368.099609
26.950000,82.950000,28283.099609
26.950000,83.050000,58427.101563
26.950000,83.150000,42958.300781
26.950000,83.250000,24557.800781
26.950000,83.350000,17177.199219
26.950000,83.450000,19576.800781
26.950000,83.550000,42419.800781
26.950000,83.650000,31321.099609
26.950000,83.750000,29891.500000
26.950000,83.850000,45899.699219
26.950000,83.950000,37561.199219
26.950000,84.050000,24824.500000
26.950000,84.150000,18032.699219
26.950000,84.250000,13893.599609
26.950000,84.350000,41881.300781
26.950000,84.450000,43592.699219
26.950000,84.550000,50355.398438
26.950000,84.650000,33670.000000
26.950000,84.750000,24756.599609
26.950000,84.850000,132507.000000
26.950000,84.950000,26995.599609
26.950000,85.050000,11774.099609
26.950000,85.150000,9672.959961
26.950000,85.250000,8727.259766
26.950000,85.350000,14657.900391
26.950000,85.450000,9172.429688
26.950000,85.550000,35370.601563
26.950000,85.650000,12298.400391
26.950000,85.750000,6667.129883
26.950000,85.850000,14642.799805
26.950000,85.950000,36135.601563
26.950000,86.050000,12663.599609
26.950000,86.150000,564.677979
26.950000,86.250000,3054.810059
26.950000,86.350000,5377.359863
26.950000,86.450000,1281.119995
26.950000,86.550000,1577.800049
26.950000,86.650000,1499.339966
26.950000,86.750000,2083.629883
26.950000,86.850000,2637.520020
26.950000,86.950000,2695.129883
26.950000,87.050000,3605.030029
26.950000,87.150000,3491.739990
26.950000,87.250000,4564.319824
26.950000,87.350000,4401.479980
26.950000,87.450000,3731.669922
26.950000,87.550000,3803.500000
26.950000,87.650000,4851.959961
26.950000,87.750000,6441.180176
26.950000,87.850000,2322.879883
26.950000,87.950000,3298.360107
26.950000,88.050000,14364.500000
26.950000,88.150000,42434.601563
26.950000,88.250000,16099.400391
27.050000,80.050000,34825.500000
27.050000,80.150000,45632.101563
27.050000,80.250000,22708.699219
27.050000,80.350000,23286.000000
27.050000,80.450000,44822.300781
27.050000,80.550000,55028.601563
27.050000,80.650000,16821.800781
27.050000,80.750000,25509.599609
27.050000,80.850000,12391.900391
27.050000,80.950000,11281.400391
27.050000,81.050000,37018.199219
27.050000,81.150000,25148.000000
27.050000,81.250000,18837.199219
27.050000,81.350000,21643.199219
27.050000,81.450000,20843.699219
27.050000,81.550000,10384.000000
27.050000,81.650000,11919.299805
27.050000,81.750000,26443.300781
27.050000,81.850000,23545.900391
27.050000,81.950000,22689.699219
27.050000,82.050000,89493.898438
27.050000,82.150000,17658.400391
27.050000,82.250000,514415.000000
27.050000,82.350000,17833.000000
27.050000,82.450000,21183.099609
27.050000,82.550000,19540.000000
27.050000,82.650000,39401.500000
27.050000,82.750000,28522.599609
27.050000,82.850000,28112.900391
27.050000,82.950000,22170.400391
27.050000,83.050000,23881.099609
27.050000,83.150000,22118.400391
27.050000,83.250000,31167.800781
27.050000,83.350000,24336.599609
27.050000,83.450000,22090.099609
27.050000,83.550000,24010.500000
27.050000,83.650000,22597.300781
27.050000,83.750000,19238.500000
27.050000,83.850000,26979.599609
27.050000,83.950000,25297.599609
27.050000,84.050000,14804.799805
27.050000,84.150000,11198.599609
27.050000,84.250000,34966.398438
27.050000,84.350000,40904.300781
27.050000,84.450000,45100.300781
27.050000,84.550000,32661.500000
27.050000,84.650000,35398.199219
27.050000,84.750000,32587.000000
27.050000,84.850000,118685.000000
27.050000,84.950000,698098.000000
27.050000,85.050000,14179.200195
27.050000,85.150000,8113.390137
27.050000,85.250000,5062.169922
27.050000,85.350000,27479.400391
27.050000,85.450000,3824.780029
27.050000,85.550000,41439.601563
27.050000,85.650000,28447.500000
27.050000,85.750000,19772.000000
27.050000,85.850000,15398.700195
27.050000,85.950000,15097.500000
27.050000,86.050000,1165.449951
27.050000,86.150000,1625.040039
27.050000,86.250000,2863.729980
27.050000,86.350000,5816.569824
27.050000,86.450000,3505.189941
27.050000,86.550000,2954.340088
27.050000,86.650000,2511.379883
27.050000,86.750000,3292.739990
27.050000,86.850000,4137.830078
27.050000,86.950000,4586.180176
27.050000,87.050000,4367.720215
27.050000,87.150000,3065.739990
27.050000,87.250000,5100.310059
27.050000,87.350000,3939.500000
27.050000,87.450000,2326.120117
27.050000,87.550000,2420.020020
27.050000,87.650000,2370.360107
27.050000,87.750000,3844.280029
27.050000,87.850000,1820.020020
27.050000,87.950000,2278.330078
27.050000,88.050000,4129.890137
27.050000,88.150000,28010.900391
27.050000,88.250000,115590.000000
27.150000,80.050000,56524.699219
27.150000,80.150000,41097.800781
27.150000,80.250000,22691.500000
27.150000,80.350000,42170.601563
27.150000,80.450000,27581.300781
27.150000,80.550000,19450.699219
27.150000,80.650000,36211.500000
27.150000,80.750000,32688.000000
27.150000,80.850000,21526.099609
27.150000,80.950000,13317.900391
27.150000,81.050000,31640.699219
27.150000,81.150000,27802.300781
27.150000,81.250000,40632.101563
27.150000,81.350000,34681.898438
27.150000,81.450000,9371.240234
27.150000,81.550000,32964.398438
27.150000,81.650000,38245.800781
27.150000,81.750000,34696.000000
27.150000,81.850000,26638.000000
27.150000,81.950000,193685.000000
27.150000,82.050000,30764.000000
27.150000,82.150000,18743.900391
27.150000,82.250000,92489.000000
27.150000,82.350000,19492.699219
27.150000,82.450000,16895.300781
27.150000,82.550000,17041.800781
27.150000,82.650000,58550.101563
27.150000,82.750000,29646.099609
27.150000,82.850000,19876.000000
27.150000,82.950000,31905.500000
27.150000,83.050000,15788.000000
27.150000,83.150000,36764.699219
27.150000,83.250000,67001.296875
27.150000,83.350000,42194.500000
27.150000,83.450000,31285.300781
27.150000,83.550000,53573.000000
27.150000,83.650000,22503.599609
27.150000,83.750000,31429.699219
27.150000,83.850000,36269.500000
27.150000,83.950000,17700.300781
27.150000,84.050000,32358.900391
27.150000,84.150000,19012.699219
27.150000,84.250000,30913.199219
27.150000,84.350000,109394.000000
27.150000,84.450000,71505.398438
27.150000,84.550000,20737.800781
27.150000,84.650000,21041.400391
27.150000,84.750000,16875.000000
27.150000,84.850000,11984.000000
27.150000,84.950000,422569.000000
27.150000,85.050000,25954.300781
27.150000,85.150000,19337.900391
27.150000,85.250000,18682.400391
27.150000,85.350000,24051.900391
27.150000,85.450000,26856.800781
27.150000,85.550000,8951.809570
27.150000,85.650000,4468.250000
27.150000,85.750000,3534.689941
27.150000,85.850000,4207.209961
27.150000,85.950000,16596.300781
27.150000,86.050000,6678.299805
27.150000,86.150000,5303.259766
27.150000,86.250000,4601.759766
27.150000,86.350000,2942.709961
27.150000,86.450000,3798.020020
27.150000,86.550000,4579.529785
27.150000,86.650000,4125.819824
27.150000,86.750000,3232.379883
27.150000,86.850000,1385.859985
27.150000,86.950000,2018.540039
27.150000,87.050000,2218.870117
27.150000,87.150000,2128.510010
27.150000,87.250000,2523.030029
27.150000,87.350000,2515.989990
27.150000,87.450000,3203.139893
27.150000,87.550000,3740.290039
27.150000,87.650000,2421.649902
27.150000,87.750000,3362.389893
27.150000,87.850000,2152.850098
27.150000,87.950000,1119.339966
27.150000,88.050000,4900.470215
27.150000,88.150000,13222.299805
27.150000,88.250000,46806.000000
27.250000,80.050000,36319.000000
27.250000,80.150000,11966.799805
27.250000,80.250000,43184.199219
27.250000,80.350000,24632.099609
27.250000,80.850000,42922.898438
27.250000,80.950000,23682.900391
27.250000,80.850000,42922.898438
27.250000,80.950000,23682.900391
27.250000,81.050000,22906.500000
27.250000,81.150000,51985.898438
27.250000,81.250000,38416.699219
27.250000,81.350000,42013.601563
27.250000,81.450000,6332.799805
27.250000,81.550000,38181.101563
27.250000,81.650000,31010.000000
27.250000,81.750000,19318.900391
27.250000,81.850000,18034.300781
27.250000,81.950000,45332.800781
27.250000,82.050000,34669.300781
27.250000,82.150000,30024.199219
27.250000,82.250000,21182.000000
27.250000,82.350000,44146.898438
27.250000,82.450000,17182.099609
27.250000,82.550000,13484.400391
27.250000,82.650000,42737.000000
27.250000,82.750000,27423.900391
27.250000,82.850000,26343.199219
27.250000,82.950000,15329.900391
27.250000,83.050000,61350.199219
27.250000,83.150000,25937.500000
27.250000,83.250000,23712.000000
27.250000,83.350000,24625.500000
27.250000,83.450000,12596.099609
27.250000,83.550000,19416.099609
27.250000,83.650000,23109.099609
27.250000,83.750000,21597.000000
27.250000,83.850000,11669.700195
27.250000,83.950000,8081.069824
27.250000,84.050000,47492.800781
27.250000,84.150000,21171.300781
27.250000,84.250000,10444.500000
27.250000,84.350000,31972.300781
27.250000,84.450000,16625.800781
27.250000,84.550000,24746.699219
27.250000,84.650000,8576.780273
27.250000,84.750000,1203.910034
27.250000,84.850000,1163.209961
27.250000,84.950000,23992.199219
27.250000,85.050000,854.581970
27.250000,85.150000,2997.070068
27.250000,85.250000,2701.020020
27.250000,85.350000,2002.880005
27.250000,85.450000,3234.120117
27.250000,85.550000,2777.659912
27.250000,85.650000,5643.399902
27.250000,85.750000,12864.599609
27.250000,85.850000,4030.899902
27.250000,85.950000,51878.601563
27.250000,86.050000,5230.220215
27.250000,86.150000,3760.550049
27.250000,86.250000,2348.530029
27.250000,86.350000,2380.780029
27.250000,86.450000,2832.520020
27.250000,86.550000,3082.350098
27.250000,86.650000,1834.819946
27.250000,86.750000,2468.379883
27.250000,86.850000,1565.920044
27.250000,86.950000,1192.630005
27.250000,87.050000,1646.180054
27.250000,87.150000,2038.640015
27.250000,87.250000,2378.639893
27.250000,87.350000,3239.379883
27.250000,87.450000,1402.130005
27.250000,87.550000,1558.839966
27.250000,87.650000,2010.719971
27.250000,87.750000,1885.859985
27.250000,87.850000,1920.589966
27.250000,87.950000,1317.319946
27.250000,88.050000,2097.830078
27.250000,88.150000,5243.720215
27.250000,88.250000,76325.500000
27.350000,80.050000,21740.099609
27.350000,80.150000,132080.000000
27.350000,80.250000,20599.199219
27.350000,80.350000,33943.800781
27.350000,80.450000,46043.300781
27.350000,80.550000,21377.400391
27.350000,80.650000,27795.900391
27.350000,80.750000,16942.099609
27.350000,80.850000,29660.900391
27.350000,80.950000,18918.900391
27.350000,81.050000,22796.199219
27.350000,81.150000,37557.398438
27.350000,81.250000,28017.300781
27.350000,81.350000,19522.800781
27.350000,81.450000,13391.700195
27.350000,81.550000,22360.599609
27.350000,81.650000,44838.300781
27.350000,81.750000,43064.000000
27.350000,81.850000,38058.101563
27.350000,81.950000,17766.800781
27.350000,82.050000,38951.000000
27.350000,82.150000,22081.900391
27.350000,82.250000,14689.299805
27.350000,82.350000,23788.400391
27.350000,82.450000,41756.500000
27.350000,82.550000,23739.000000
27.350000,82.650000,36768.300781
27.350000,82.750000,43254.300781
27.350000,82.850000,18316.300781
27.350000,82.950000,33694.300781
27.350000,83.050000,26866.300781
27.350000,83.150000,20202.400391
27.350000,83.250000,19488.000000
27.350000,83.350000,20629.599609
27.350000,83.450000,17884.000000
27.350000,83.550000,4685.649902
27.350000,83.650000,12380.099609
27.350000,83.750000,28572.900391
27.350000,83.850000,12273.799805
27.350000,83.950000,30987.699219
27.350000,84.050000,11287.200195
27.350000,84.150000,7125.770020
27.350000,84.250000,3176.3100590020
27.350000,84.650000,3583.709961
27.350000,84.750000,2124.560059
27.350000,84.850000,2210020
27.350000,84.650000,3583.709961
27.350000,84.750000,2124.560059
27.350000,84.850000,2211.600098
27.350000,84.950000,13076.299805
27.350000,85.050000,65503.300781
27.350000,85.150000,286817.000000
27.350000,85.250000,3869.169922
27.350000,85.350000,3295.929932
27.350000,85.450000,5140.890137
27.350000,85.550000,3724.120117
27.350000,85.650000,4102.490234
27.350000,85.750000,5433.020020
27.350000,85.850000,5783.779785
27.350000,85.950000,13344.700195
27.350000,86.050000,4217.990234
27.350000,86.150000,2979.239990
27.350000,86.250000,4208.729980
27.350000,86.350000,1971.939941
27.350000,86.450000,1770.619995
27.350000,86.550000,8076.609863
27.350000,86.650000,1415.430054
27.350000,86.750000,1803.640015
27.350000,86.850000,1797.750000
27.350000,86.950000,540.179016
27.350000,87.050000,1778.869995
27.350000,87.150000,3727.919922
27.350000,87.250000,3659.030029
27.350000,87.350000,2450.489990
27.350000,87.450000,415.002014
27.350000,87.550000,1701.150024
27.350000,87.650000,5444.790039
27.350000,87.750000,1333.770020
27.350000,87.850000,1619.619995
27.350000,87.950000,454.885010
27.350000,88.050000,1050.410034
27.350000,88.150000,12549.400391
27.350000,88.250000,52007.898438
27.450000,80.050000,28584.400391
27.450000,80.150000,64455.800781
27.450000,80.250000,31675.900391
27.450000,80.350000,12198.700195
27.450000,80.450000,21202.800781
27.450000,80.550000,48016.800781
27.450000,80.650000,17294.599609
27.450000,80.750000,14236.799805
27.450000,80.850000,17028.599609
27.450000,80.950000,65149.000000
27.450000,81.050000,35537.601563
27.450000,81.150000,17473.099609
27.450000,81.250000,25437.500000
27.450000,81.350000,5859.069824
27.450000,81.450000,20824.400391
27.450000,81.550000,21267.599609
27.450000,81.650000,27905.400391
27.450000,81.750000,48369.000000
27.450000,81.850000,37889.898438
27.450000,81.950000,17935.699219
27.450000,82.050000,26252.599609
27.450000,82.150000,646513.000000
27.450000,82.250000,30657.099609
27.450000,82.350000,26135.199219
27.450000,82.450000,13678.000000
27.450000,82.550000,11374.500000
27.450000,82.650000,9597.450195
27.450000,82.750000,52135.800781
27.450000,82.850000,39375.300781
27.450000,82.950000,32148.099609
27.450000,83.050000,10383.700195
27.450000,83.150000,11033.000000
27.450000,83.250000,15831.099609
27.450000,83.350000,18740.300781
27.450000,83.450000,62866.800781
27.450000,83.550000,13474.299805
27.450000,83.650000,16891.500000
27.450000,83.750000,7514.700195
27.450000,83.850000,8988.389648
27.450000,83.950000,10048.200195
27.450000,84.050000,1230.010010
27.450000,84.150000,2708.909912
27.450000,84.250000,2754.239990
27.450000,84.350000,3196.020020
27.450000,84.450000,2522.860107
27.450000,84.550000,2812.389893
27.450000,84.650000,2755.179932
27.450000,84.750000,2086.379883
27.450000,84.850000,16929.900391
27.450000,84.950000,41364.699219
27.450000,85.050000,320342.000000
27.450000,85.550000,3502.000000
27.450000,85.650000,6039.899902
27.450000,85.00,2480.669922
27.450000,85.550000,3502.000000
27.450000,85.650000,6039.899902
27.450000,85.750000,17302.099609
27.450000,85.850000,23063.199219
27.450000,85.950000,5926.859863
27.450000,86.050000,4160.560059
27.450000,86.150000,3836.550049
27.450000,86.250000,2346.729980
27.450000,86.350000,1135.969971
27.450000,86.450000,670.510986
27.450000,86.550000,780.853027
27.450000,86.650000,1243.800049
27.450000,86.750000,878.690979
27.450000,86.850000,236.274994
27.450000,86.950000,151.408005
27.450000,87.050000,1592.750000
27.450000,87.150000,2139.699951
27.450000,87.250000,1523.619995
27.450000,87.350000,787.312988
27.450000,87.450000,293.277008
27.450000,87.550000,740.507996
27.450000,87.650000,1910.849976
27.450000,87.750000,888.844971
27.450000,87.850000,1776.479980
27.450000,87.950000,446.567993
27.450000,88.050000,817.559021
27.450000,88.150000,1052.729980
27.450000,88.250000,1206.890015
27.550000,80.050000,36141.300781
27.550000,80.150000,26749.000000
27.550000,80.250000,22151.500000
27.550000,80.350000,14272.400391
27.550000,80.450000,25316.400391
27.550000,80.550000,25198.500000
27.550000,80.650000,97368.296875
27.550000,80.750000,57478.101563
27.550000,80.850000,35231.398438
27.550000,80.950000,47353.000000
27.550000,81.050000,27324.099609
27.550000,81.150000,33605.800781
27.550000,81.250000,39282.500000
27.550000,81.350000,21542.000000
27.550000,81.450000,37659.000000
27.550000,81.550000,68168.000000
27.550000,81.650000,90888.101563
27.550000,81.750000,24211.900391
27.550000,81.850000,16103.400391
27.550000,81.950000,25857.900391
27.550000,82.050000,19148.300781
27.550000,82.150000,13743.400391
27.550000,82.250000,13981.700195
27.550000,82.350000,39153.398438
27.550000,82.450000,63341.300781
27.550000,82.550000,37252.398438
27.550000,82.650000,36696.898438
27.550000,82.750000,16816.400391
27.550000,82.850000,70422.000000
27.550000,82.950000,9649.480469
27.550000,83.050000,9826.230469
27.550000,83.150000,4856.740234
27.550000,83.250000,5535.250000
27.550000,83.350000,456739.000000
27.550000,83.450000,142887.000000
27.550000,83.550000,74715.398438
27.550000,83.650000,56123.601563
27.550000,83.750000,12563.400391
27.550000,83.850000,3214.149902
27.550000,83.950000,3949.889893
27.550000,84.050000,5563.479980
27.550000,84.150000,3875.199951
27.550000,84.250000,8459.040039
27.550000,84.350000,8488.750000
27.550000,84.450000,4898.419922
27.550000,84.550000,13502.799805
27.550000,84.650000,9632.759766
27.550000,84.750000,28234.000000
27.550000,84.850000,13713.299805
27.550000,84.950000,1449.880005
27.550000,85.050000,46546.898438
27.550000,85.150000,5850.859863
27.550000,85.250000,16675.699219
27.550000,85.350000,25917.199219
27.550000,85.450000,7955.330078
27.550000,85.550000,15794.400391
27.550000,85.650000,21779.199219
27.550000,85.750000,8187.899902
27.550000,85.850000,3416.429932
27.550000,85.950000,2458.409912
27.550000,86.050000,7382.479980
27.550000,86.150000,3393.929932
27.550000,86.250000,2323.870117
27.550000,86.350000,2847.449951
27.550000,86.450000,584.099976
27.550000,86.550000,873.817017
27.550000,86.650000,1067.680054
27.550000,86.750000,877.682983
27.550000,86.850000,1270.069946
27.550000,86.950000,992.276001
27.550000,87.050000,1162.469971
27.550000,87.150000,943.026978
27.550000,87.250000,1973.839966
27.550000,87.350000,1106.550049
27.550000,87.450000,357.445007
27.550000,87.550000,318.072998
27.550000,87.650000,427.760010
27.550000,87.750000,710.830994
27.550000,87.850000,455.583008
27.550000,87.950000,287.902008
27.550000,88.050000,278.565002
27.550000,88.150000,457.481995
27.550000,88.250000,377.177002
27.650000,80.050000,43320.601563
27.650000,80.150000,43133.601563
27.650000,80.250000,30835.199219
27.650000,80.350000,19295.900391
27.650000,80.450000,32087.599609
27.650000,80.550000,14099.400391
27.650000,80.650000,30807.699219
27.650000,80.750000,33193.300781
27.650000,80.850000,20167.199219
27.650000,80.950000,28123.400391
27.650000,81.050000,13772.700195
27.650000,81.150000,25587.300781
27.650000,81.250000,9771.950195
27.650000,81.350000,18760.400391
27.650000,81.450000,19386.800781
27.650000,81.550000,19632.500000
27.650000,81.650000,43242.898438
27.650000,81.750000,43045.800781
27.650000,81.850000,35532.500000
27.650000,81.950000,19036.199219
27.650000,82.050000,16967.400391
27.650000,82.150000,14439.299805
27.650000,82.250000,28194.900391
27.650000,82.350000,20302.500000
27.650000,82.450000,8090.859863
27.650000,82.550000,21721.099609
27.650000,82.650000,7473.770020
27.650000,82.750000,3676.139893
27.650000,82.850000,35597.101563
27.650000,82.950000,17987.300781
27.650000,83.050000,41967.800781
27.650000,83.150000,34241.101563
27.650000,83.250000,19246.500000
27.650000,83.350000,56066.898438
27.650000,83.450000,96422.898438
27.650000,83.550000,22654.800781
27.650000,83.650000,260583.000000
27.650000,83.750000,3895.800049
27.650000,83.850000,4844.669922
27.650000,84.250000,37248.898438
27.650000,84.350000,48146.601563
27.650000,84.450000,11798
27.650000,84.250000,37248.898438
27.650000,84.350000,48146.601563
27.650000,84.450000,117982.000000
27.650000,84.550000,75945.000000
27.650000,84.650000,21414.699219
27.650000,84.750000,4958.990234
27.650000,84.850000,4593.189941
27.650000,84.950000,5119.310059
27.650000,85.050000,54411.300781
27.650000,85.150000,17964.699219
27.650000,85.250000,377640.000000
27.650000,85.350000,713968.000000
27.650000,85.450000,176201.000000
27.650000,85.550000,76061.203125
27.650000,85.650000,39295.398438
27.650000,85.750000,27417.900391
27.650000,85.850000,7228.399902
27.650000,85.950000,19248.300781
27.650000,86.050000,33878.800781
27.650000,86.150000,23627.300781
27.650000,86.250000,14408.200195
27.650000,86.350000,2474.719971
27.650000,86.450000,649.281006
27.650000,86.550000,237.386002
27.650000,86.650000,341.002014
27.650000,86.750000,615.541992
27.650000,86.850000,635.171997
27.650000,86.950000,287.563995
27.650000,87.050000,28.452499
27.650000,87.150000,57.748600
27.650000,87.250000,312.627014
27.650000,87.350000,815.901001
27.650000,87.450000,208.054993
27.650000,87.550000,80.368797
27.650000,87.650000,203.352005
27.650000,87.750000,136.522003
27.650000,87.850000,132.871002
27.650000,87.950000,142.173996
27.650000,88.050000,26.798401
27.650000,88.150000,23.712799
27.650000,88.250000,569.484985
27.750000,80.050000,15712.099609
27.750000,80.150000,19553.599609
27.750000,80.250000,17513.099609
27.750000,80.350000,25453.800781
27.750000,80.450000,20606.000000
27.750000,80.550000,29271.900391
27.750000,80.650000,35838.898438
27.750000,80.750000,39985.199219
27.750000,80.850000,35722.601563
27.750000,80.950000,32416.699219
27.750000,81.050000,18875.599609
27.750000,81.150000,31492.800781
27.750000,81.250000,7008.049805
27.750000,81.350000,17353.000000
27.750000,81.450000,16333.299805
27.750000,81.550000,19688.500000
27.750000,81.650000,18398.199219
27.750000,81.750000,27647.599609
27.750000,81.850000,30569.900391
27.750000,81.950000,39844.101563
27.750000,82.050000,27194.000000
27.750000,82.150000,31354.500000
27.750000,82.250000,13578.900391
27.750000,82.350000,1342.150024
27.750000,82.450000,1853.670044
27.750000,82.550000,2776.449951
27.750000,82.650000,2704.639893
27.750000,82.750000,9692.209961
27.750000,82.850000,29774.599609
27.750000,82.950000,3743.770020
27.750000,83.050000,3254.139893
27.750000,83.150000,3070.679932
27.750000,83.250000,6664.629883
27.750000,83.350000,1820.689941
27.750000,83.450000,35482.699219
27.750000,83.550000,25128.300781
27.750000,83.650000,2175.320068
27.750000,83.750000,1152.800049
27.750000,83.850000,1427.319946
27.750000,83.950000,1518.969971
27.750000,84.050000,1215.560059
27.750000,84.150000,1318.790039
27.750000,84.250000,1299.119995
27.750000,84.350000,11344.400391
27.750000,84.450000,69623.398438
27.750000,84.550000,8265.940430
27.750000,84.650000,9313.919922
27.750000,84.750000,15788.000000
27.750000,84.850000,10079.700195
27.750000,84.950000,17200.199219
27.750000,85.050000,58945.898438
27.750000,85.150000,110085.000000
27.750000,85.250000,110732.000000
27.750000,85.350000,607154.000000
27.750000,85.450000,63719.500000
27.750000,85.550000,13975.700195
27.750000,85.650000,7606.890137
27.750000,85.750000,17754.599609
27.750000,85.850000,47133.601563
27.750000,85.950000,11559.200195
27.750000,86.050000,1438.229980
27.750000,86.150000,2898.959961
27.750000,86.250000,1143.949951
27.750000,86.350000,100.813004
27.750000,86.450000,82.361603
27.750000,86.550000,73.543503
27.750000,86.650000,347.182007
27.750000,86.750000,914.359985
27.750000,86.850000,280.786011
27.750000,86.950000,60.469200
27.750000,87.050000,51.598099
27.750000,87.150000,39.136299
27.750000,87.250000,5.579920
27.750000,87.350000,425.670013
27.750000,87.450000,195.052002
27.750000,87.550000,146.449997
27.750000,87.650000,199.856995
27.750000,87.750000,264.877991
27.750000,87.850000,308.243988
27.750000,87.950000,2613.471008
27.850000,80.050000,23752.900391
27.850000,80.150000,16310.000000
27.850000,80.050000,23752.900391
27.850000,80.150000,16310.000000
27.850000,80.250000,17130.199219
27.850000,80.350000,12206.900391
27.850000,80.450000,25437.699219
27.850000,80.550000,37252.601563
27.850000,80.650000,23607.300781
27.850000,80.750000,35516.699219
27.850000,80.850000,18059.900391
27.850000,80.950000,13342.599609
27.850000,81.050000,12962.099609
27.850000,81.150000,16276.200195
27.850000,81.250000,12742.400391
27.850000,81.350000,11466.000000
27.850000,81.450000,20271.699219
27.850000,81.550000,25176.400391
27.850000,81.650000,21764.400391
27.850000,81.750000,28174.300781
27.850000,81.850000,21390.699219
27.850000,81.950000,35640.199219
27.850000,82.050000,36877.601563
27.850000,82.150000,5804.310059
27.850000,82.250000,4078.360107
27.850000,82.350000,11445.200195
27.850000,82.450000,23535.800781
27.850000,82.550000,26992.199219
27.850000,82.650000,23973.300781
27.850000,82.750000,24220.000000
27.850000,82.850000,890.770996
27.850000,82.950000,1061.869995
27.850000,83.050000,955.794006
27.850000,83.150000,1427.569946
27.850000,83.250000,1712.520020
27.850000,83.350000,1800.530029
27.850000,83.450000,1911.140015
27.850000,83.550000,42114.601563
27.850000,83.650000,27206.099609
27.850000,83.750000,4190.700195
27.850000,83.850000,3741.770020
27.850000,83.950000,5366.410156
27.850000,84.050000,3367.820068
27.850000,84.150000,3432.879883
27.850000,84.250000,2612.350098
27.850000,84.350000,5002.270020
27.850000,84.450000,27704.300781
27.850000,84.550000,53578.601563
27.850000,84.650000,39950.898438
27.850000,84.750000,26948.199219
27.850000,84.850000,42331.199219
27.850000,84.950000,31255.300781
27.850000,85.050000,6039.700195
27.850000,85.150000,25869.900391
27.850000,85.250000,18693.199219
27.850000,85.350000,11076.099609
27.850000,85.450000,3875.350098
27.850000,85.550000,4979.689941
27.850000,85.650000,3342.030029
27.850000,85.750000,3786.340088
27.850000,85.850000,21378.400391
27.850000,85.950000,9583.740234
27.850000,86.050000,882.216980
27.850000,86.150000,541.468018
27.850000,86.250000,1383.540039
27.850000,86.350000,64.473396
27.850000,86.450000,19.591200
27.850000,86.550000,359.320007
27.850000,86.650000,793.414001
27.850000,86.750000,678.458984
27.850000,86.850000,271.441986
27.850000,86.950000,275.079010
27.850000,87.050000,306.144989
27.850000,87.150000,445.502991
27.850000,87.250000,329.747009
27.850000,87.350000,326.394989
27.850000,87.450000,2955.489990
27.850000,87.550000,378.665985
27.850000,87.650000,295.322998
27.850000,87.750000,169.559006
27.850000,87.850000,64.283600
27.850000,87.950000,60.608101
27.850000,88.050000,600.924988
27.850000,88.150000,434.704010
27.850000,88.250000,49.410000
27.950000,80.050000,33478.898438
27.950000,80.150000,35333.601563
27.950000,80.250000,44576.101563
27.950000,80.350000,23147.800781
27.950000,80.450000,37327.800781
27.950000,80.550000,26007.900391
27.950000,80.650000,30268.199219
27.950000,80.750000,152992.000000
27.950000,80.850000,533087.000000
27.950000,80.950000,12503.000000
27.950000,81.050000,13863.099609
27.950000,81.150000,31909.000000
27.950000,81.250000,9678.389648
27.950000,81.350000,11462.900391
27.950000,81.450000,18559.900391
27.950000,81.550000,21010.199219
27.950000,81.650000,11283.099609
27.950000,81.750000,28129.699219
27.950000,81.850000,19715.900391
27.950000,81.950000,1796.140015
27.950000,82.050000,6186.149902
27.950000,82.150000,30611.900391
27.950000,82.250000,23358.500000
27.950000,82.350000,17230.599609
27.950000,82.450000,1776.869995
27.950000,82.550000,338824.000000
27.950000,82.650000,1809.089966
27.950000,82.750000,2436.260010
27.950000,82.850000,3371.429932
27.950000,82.950000,4312.359863
27.950000,83.050000,3968.169922
27.950000,83.150000,3471.370117
27.950000,83.250000,5176.970215
27.950000,83.350000,3820.439941
27.950000,83.450000,5511.109863
27.950000,83.550000,4771.430176
27.950000,84.050000,22543.699219
27.950000,84.150000,21083.099609
27.950000,84.050000,22543.699219
27.950000,84.150000,21083.099609
27.950000,84.250000,21921.199219
27.950000,84.350000,28259.000000
27.950000,84.450000,34506.300781
27.950000,84.550000,35871.601563
27.950000,84.650000,8764.830078
27.950000,84.750000,2613.449951
27.950000,84.850000,4650.100098
27.950000,84.950000,2698.310059
27.950000,85.050000,2426.409912
27.950000,85.150000,22458.500000
27.950000,85.250000,13339.000000
27.950000,85.350000,2756.520020
27.950000,85.450000,3550.300049
27.950000,85.550000,1509.489990
27.950000,85.650000,1910.489990
27.950000,85.750000,636.366028
27.950000,85.850000,1337.300049
27.950000,85.950000,54895.500000
27.950000,86.050000,1972.280029
27.950000,86.150000,1257.739990
27.950000,86.250000,5526.379883
27.950000,86.350000,712.466980
27.950000,86.450000,645.945984
27.950000,86.550000,790.283997
27.950000,86.650000,348.269989
27.950000,86.750000,279.000000
27.950000,86.850000,64.176697
27.950000,86.950000,40.836899
27.950000,87.050000,1024.079956
27.950000,87.150000,2.856870
27.950000,87.250000,25.059700
27.950000,87.350000,80.528000
27.950000,87.450000,137.084000
27.950000,87.550000,71.084801
27.950000,87.650000,74.594299
27.950000,87.750000,0.192869
27.950000,87.950000,555.166016
27.950000,88.050000,356.925995
27.950000,88.250000,40.446400
28.050000,80.050000,38066.000000
28.050000,80.150000,33726.601563
28.050000,80.250000,12371.599609
28.050000,80.350000,32595.000000
28.050000,80.450000,83716.796875
28.050000,80.550000,15921.000000
28.050000,80.650000,38465.000000
28.050000,80.750000,17547.199219
28.050000,80.850000,39567.601563
28.050000,80.950000,12421.299805
28.050000,81.050000,30116.800781
28.050000,81.150000,10287.400391
28.050000,81.250000,11463.099609
28.050000,81.350000,15429.500000
28.050000,81.450000,9876.440430
28.050000,81.550000,11105.099609
28.050000,81.650000,63682.000000
28.050000,81.750000,24954.300781
28.050000,81.850000,20550.099609
28.050000,81.950000,42705.500000
28.050000,82.050000,32850.101563
28.050000,82.150000,12981.299805
28.050000,82.250000,7070.020020
28.050000,82.350000,285919.000000
28.050000,82.450000,27139.300781
28.050000,82.550000,3872.409912
28.050000,82.650000,3473.790039
28.050000,82.750000,4325.629883
28.050000,82.850000,5249.700195
28.050000,82.950000,4249.020020
28.050000,83.050000,2149.229980
28.050000,83.150000,2512.780029
28.050000,83.250000,4401.910156
28.050000,83.350000,4430.759766
28.050000,83.450000,3102.540039
28.050000,83.550000,3861.209961
28.050000,83.650000,2472.449951
28.050000,83.750000,15102.500000
28.050000,83.850000,32162.300781
28.050000,83.950000,4881.439941
28.050000,84.050000,26001.699219
28.050000,84.150000,14574.000000
28.050000,84.250000,3128.129883
28.050000,84.350000,3539.679932
28.050000,84.450000,15459.400391
28.050000,84.550000,2462.959961
28.050000,84.650000,2768.370117
28.050000,84.750000,5201.029785
28.050000,84.850000,3833.760010
28.050000,84.950000,3323.860107
28.050000,85.050000,1565.150024
28.050000,85.150000,1854.280029
28.050000,85.250000,18809.699219
28.050000,85.350000,860.783020
28.050000,85.450000,359.583008
28.050000,85.550000,455.002991
28.050000,85.650000,255.464996
28.050000,85.750000,216.134995
28.050000,85.850000,10.959900
28.050000,85.950000,36943.601563
28.050000,86.050000,2013.699951
28.050000,86.150000,664.346985
28.050000,86.250000,894.776001
28.050000,86.350000,2981.360107
28.050000,86.450000,465.235992
28.050000,86.550000,165.037994
28.050000,86.650000,107.558998
28.050000,86.750000,18.748199
28.050000,86.950000,5772.910156
28.050000,87.050000,679.583008
28.050000,87.150000,260.505005
28.050000,87.250000,123.214996
28.050000,87.350000,222.080002
28.050000,87.450000,116.112999
28.050000,87.550000,157.686996
28.050000,87.650000,1007.150024
28.050000,87.750000,67.172302
28.050000,87.850000,630.890991
28.050000,87.950000,378.697998
28.050000,88.050000,60.565498
28.050000,88.150000,55.511299
28.050000,88.250000,378.020996
28.150000,80.050000,15727.000000
28.150000,80.150000,29076.099609
28.150000,80.250000,38290.800781
28.150000,80.350000,12822.900391
28.150000,80.450000,12490.900391
28.150000,80.550000,34905.000000
28.150000,80.650000,14065.099609
28.150000,80.750000,10384.200195
28.150000,80.850000,29763.300781
28.150000,80.950000,21567.599609
28.150000,81.050000,25365.099609
28.150000,81.150000,5040.350098
28.150000,81.250000,8909.290039
28.150000,81.350000,10345.900391
28.150000,81.450000,29513.000000
28.150000,81.550000,6092.310059
28.150000,81.650000,33912.101563
28.150000,81.750000,25759.500000
28.150000,81.850000,22364.199219
28.150000,81.950000,2446.840088
28.150000,82.050000,29015.699219
28.150000,82.150000,7307.629883
28.150000,82.250000,35611.601563
28.150000,82.350000,32127.699219
28.150000,82.450000,3559.000000
28.150000,82.550000,3899.030029
28.150000,82.650000,3258.810059
28.150000,82.750000,3303.399902
28.150000,82.850000,3463.129883
28.150000,82.950000,5180.930176
28.150000,83.050000,4215.600098
28.150000,83.150000,7413.160156
28.150000,83.250000,5590.669922
28.150000,83.350000,4980.950195
28.150000,83.450000,4589.879883
28.150000,83.550000,3573.739990
28.150000,83.650000,4589.109863
28.150000,83.750000,2621.629883
28.150000,83.850000,37126.500000
28.150000,83.950000,33680.601563
28.150000,84.050000,61858.199219
28.150000,84.150000,5344.680176
28.150000,84.250000,2178.290039
28.150000,84.350000,2708.530029
28.150000,84.450000,15418.200195
28.150000,84.550000,2074.840088
28.150000,84.650000,2682.709961
28.150000,84.750000,1126.069946
28.150000,84.850000,1277.290039
28.150000,84.950000,579.612000
28.150000,85.050000,5182.779785
28.150000,85.150000,335.235992
28.150000,85.250000,21747.599609
28.150000,85.350000,22464.199219
28.150000,85.450000,19.679199
28.150000,85.550000,3.088490
28.150000,85.650000,1.748230
28.150000,85.750000,12.885500
28.150000,85.850000,36.427101
28.150000,85.950000,38415.699219
28.150000,86.050000,56.522099
28.150000,86.150000,127.410004
28.150000,86.250000,527.419006
28.150000,86.350000,1407.349976
28.150000,86.450000,3181.580078
28.150000,86.550000,2378.379883
28.150000,86.650000,870.820984
28.150000,86.750000,300.610992
28.150000,86.850000,818.158020
28.150000,86.950000,489.101990
28.150000,87.050000,906.825012
28.150000,87.150000,100.469002
28.150000,87.250000,145.470993
28.150000,87.350000,439.964996
28.150000,87.450000,69.329102
28.150000,87.550000,1.820200
28.150000,87.650000,0.723259
28.150000,87.750000,2025.939941
28.150000,87.850000,408.389008
28.150000,87.950000,539.137024
28.150000,88.050000,921.700012
28.150000,88.150000,209.348999
28.150000,88.250000,0.232122
28.250000,80.050000,35835.898438
28.250000,80.150000,13311.000000
28.250000,80.250000,31435.900391
28.250000,80.350000,21731.000000
28.250000,80.450000,5488.379883
28.250000,80.550000,19313.400391
28.250000,80.650000,37598.699219
28.250000,80.750000,16682.199219
28.250000,81.250000,3420.209961
28.250000,81.350000,4220.209961
28.250000,81.250000,3420.209961
28.250000,81.350000,4220.209961
28.250000,81.450000,15250.700195
28.250000,81.550000,21300.099609
28.250000,81.650000,15028.900391
28.250000,81.750000,514.390991
28.250000,81.850000,13631.599609
28.250000,81.950000,26167.900391
28.250000,82.050000,3594.860107
28.250000,82.150000,15130.900391
28.250000,82.250000,3568.659912
28.250000,82.350000,4802.649902
28.250000,82.450000,4383.209961
28.250000,82.550000,3368.840088
28.250000,82.650000,4146.790039
28.250000,82.750000,6564.330078
28.250000,82.850000,2865.229980
28.250000,82.950000,3183.189941
28.250000,83.050000,4495.129883
28.250000,83.150000,5550.470215
28.250000,83.250000,4045.219971
28.250000,83.350000,2156.169922
28.250000,83.450000,4945.390137
28.250000,83.550000,4949.560059
28.250000,83.650000,22434.099609
28.250000,83.750000,17874.400391
28.250000,83.850000,20238.300781
28.250000,83.950000,113558.000000
28.250000,84.050000,68441.601563
28.250000,84.150000,779.060974
28.250000,84.250000,874.085022
28.250000,84.350000,10038.500000
28.250000,84.450000,915.677979
28.250000,84.550000,436.792999
28.250000,84.650000,811.468994
28.250000,84.750000,1257.979980
28.250000,84.850000,828.008972
28.250000,84.950000,413.153015
28.250000,85.050000,273.864014
28.250000,85.150000,131.487000
28.250000,85.250000,610.302979
28.250000,85.350000,447.454987
28.250000,85.450000,72.384003
28.250000,85.550000,212.406006
28.250000,85.650000,118.647003
28.250000,85.750000,130.598999
28.250000,85.850000,43.225700
28.250000,85.950000,7423.839844
28.250000,86.050000,19434.599609
28.250000,86.150000,522.297974
28.250000,86.250000,303.791992
28.250000,86.350000,19.028500
28.250000,86.450000,1.988960
28.250000,86.550000,4609.879883
28.250000,86.650000,640.851990
28.250000,86.750000,45.178699
28.250000,86.850000,1.951870
28.250000,86.950000,84.165298
28.250000,87.050000,108.438004
28.250000,87.150000,181.770996
28.250000,87.250000,183.412994
28.250000,87.350000,110.649002
28.250000,87.450000,0.590661
28.250000,87.550000,0.349575
28.250000,87.650000,581.353027
28.250000,87.750000,799.676025
28.250000,87.850000,1.096940
28.250000,87.950000,58.386501
28.250000,88.050000,1339.760010
28.250000,88.150000,1.856360
28.250000,88.250000,17491.400391
28.350000,80.050000,17900.400391
28.350000,80.150000,7692.209961
28.350000,80.250000,12924.299805
28.350000,80.350000,15587.900391
28.350000,80.450000,27926.000000
28.350000,80.550000,42059.800781
28.350000,80.650000,29851.300781
28.350000,80.750000,19310.500000
28.350000,80.850000,6717.640137
28.350000,80.950000,41407.601563
28.350000,81.050000,5061.220215
28.350000,81.150000,3755.280029
28.350000,81.250000,4337.330078
28.350000,81.350000,7581.049805
28.350000,81.450000,20555.599609
28.350000,81.550000,459.377014
28.350000,81.650000,16967.500000
28.350000,81.750000,20901.599609
28.350000,81.850000,12639.500000
28.350000,81.950000,2679.739990
28.350000,82.050000,1840.400024
28.350000,82.150000,2768.989990
28.350000,82.250000,3959.350098
28.350000,82.350000,1969.170044
28.350000,82.450000,4364.520020
28.350000,82.550000,8365.940430
28.350000,82.650000,4034.280029
28.350000,82.750000,2489.639893
28.350000,82.850000,1424.160034
28.350000,82.950000,272.191986
28.350000,83.050000,2025.050049
28.350000,83.150000,3667.330078
28.350000,83.250000,929.799011
28.350000,83.350000,1412.130005
28.350000,83.450000,3911.020020
28.350000,83.550000,9178.889648
28.350000,83.650000,3387.280029
28.350000,83.750000,2500.030029
28.350000,83.850000,1171.530029
28.350000,83.950000,1005.159973
28.350000,84.050000,587.187988
28.350000,84.150000,1036.790039
28.350000,84.250000,225.800003
28.350000,84.350000,1291.109985
28.350000,84.450000,1249.859985
28.350000,84.550000,486.796997
28.350000,84.650000,486.842010
28.350000,84.750000,87.483002
28.350000,84.850000,560.718994
28.350000,84.950000,213.675995
28.350000,85.050000,5.434730
28.350000,85.150000,5.838220
28.350000,85.250000,2.212660
28.350000,85.350000,1144.130005
28.350000,85.450000,993.005981
28.350000,85.550000,508.917999
28.350000,85.650000,296.243988
28.350000,85.850000,1337.000000
28.350000,85.950000,319.761993
28.350000,86.050000,25783.400391
28.350000,86.150000,7239.839844
28.350000,86.250000,0.216978
28.350000,86.350000,46.902199
28.350000,86.450000,360.165985
28.350000,86.550000,0.072326
28.350000,86.650000,10069.099609
28.350000,86.750000,16382.200195
28.350000,86.850000,15344.700195
28.350000,86.950000,16028.900391
28.350000,87.050000,80.780098
28.350000,87.150000,130.464005
28.350000,87.250000,66.256104
28.350000,87.350000,36.987202
28.350000,87.450000,72.009102
28.350000,87.550000,1405.719971
28.350000,87.650000,287.493011
28.350000,87.750000,4060.479980
28.350000,87.850000,4.785560
28.350000,87.950000,26.567699
28.350000,88.050000,684.421997
28.350000,88.150000,57.459599
28.350000,88.250000,15.174300
28.450000,80.050000,15827.400391
28.450000,80.450000,21803.900391
28.450000,80.550000,55157.898438
28.450000,80.650000,39941
28.450000,80.450000,21803.900391
28.450000,80.550000,55157.898438
28.450000,80.650000,32928.000000
28.450000,80.750000,2045.819946
28.450000,80.850000,2625.500000
28.450000,80.950000,15293.200195
28.450000,81.050000,25139.800781
28.450000,81.150000,6931.540039
28.450000,81.250000,2831.239990
28.450000,81.350000,26757.400391
28.450000,81.450000,21449.099609
28.450000,81.550000,19741.400391
28.450000,81.650000,5668.160156
28.450000,81.750000,3151.120117
28.450000,81.850000,4866.180176
28.450000,81.950000,3735.149902
28.450000,82.050000,4784.100098
28.450000,82.150000,4150.009766
28.450000,82.250000,2515.080078
28.450000,82.350000,1984.550049
28.450000,82.450000,1825.130005
28.450000,82.550000,4221.310059
28.450000,82.650000,2823.870117
28.450000,82.750000,2938.820068
28.450000,82.850000,1811.109985
28.450000,82.950000,2225.409912
28.450000,83.050000,2786.189941
28.450000,83.150000,1835.819946
28.450000,83.250000,630.713013
28.450000,83.350000,2511.370117
28.450000,83.450000,596.013000
28.450000,83.550000,1421.160034
28.450000,83.650000,2062.719971
28.450000,83.750000,120.938004
28.450000,83.850000,155.473999
28.450000,83.950000,100.927002
28.450000,84.050000,109.494003
28.450000,84.150000,27.178900
28.450000,84.250000,15.912300
28.450000,84.350000,286.582001
28.450000,84.450000,497.192993
28.450000,84.550000,176.578995
28.450000,84.650000,6.181550
28.450000,84.750000,281.035004
28.450000,84.850000,307.854004
28.450000,84.950000,118.617996
28.450000,85.050000,64.184898
28.450000,85.150000,3.269110
28.450000,85.250000,277.010010
28.450000,85.350000,610.666016
28.450000,85.450000,31.631500
28.450000,85.550000,28.295401
28.450000,85.650000,0.265195
28.450000,85.850000,278.453003
28.450000,85.950000,529.705994
28.450000,86.050000,174.692001
28.450000,86.150000,38480.199219
28.450000,86.250000,0.216978
28.450000,86.350000,0.301358
28.450000,86.450000,0.530390
28.450000,86.850000,2468.080078
28.450000,86.950000,6327.029785
28.450000,87.050000,21378.3
28.450000,86.850000,2468.080078
28.450000,86.950000,6327.029785
28.450000,87.050000,21378.300781
28.450000,87.150000,138.292999
28.450000,87.250000,25.842899
28.450000,87.350000,7.594210
28.450000,87.450000,2875.800049
28.450000,87.550000,177.141006
28.450000,87.650000,11.343100
28.450000,87.750000,1500.150024
28.450000,87.850000,70.671402
28.450000,87.950000,260.987000
28.450000,88.050000,47.763302
28.450000,88.150000,27.027800
28.450000,88.250000,864.075012
28.550000,80.050000,22425.099609
28.550000,80.150000,545271.000000
28.550000,80.250000,22167.599609
28.550000,80.350000,7261.120117
28.550000,80.450000,34545.601563
28.550000,80.550000,14157.400391
28.550000,80.650000,18198.099609
28.550000,80.750000,20635.099609
28.550000,80.850000,3078.149902
28.550000,80.950000,2896.239990
28.550000,81.050000,5841.620117
28.550000,81.150000,8267.799805
28.550000,81.250000,4263.149902
28.550000,81.750000,2691.840088
28.550000,81.850000,1017.030029
28.550000,81.750000,2691.840088
28.550000,81.850000,1017.030029
28.550000,81.950000,1775.849976
28.550000,82.050000,2697.879883
28.550000,82.150000,1528.979980
28.550000,82.250000,2425.850098
28.550000,82.350000,3140.580078
28.550000,82.450000,3862.530029
28.550000,82.550000,3886.719971
28.550000,82.650000,4909.020020
28.550000,82.750000,3106.449951
28.550000,82.850000,2767.899902
28.550000,82.950000,2562.060059
28.550000,83.050000,916.632996
28.550000,83.150000,256.614014
28.550000,83.250000,1519.800049
28.550000,83.350000,998.557983
28.550000,83.450000,228.701996
28.550000,83.550000,100.288002
28.550000,83.650000,2662.489990
28.550000,83.750000,50.011600
28.550000,83.850000,35.313099
28.550000,83.950000,6.385810
28.550000,84.050000,2.550220
28.550000,84.150000,9.577310
28.550000,84.250000,483.569000
28.550000,84.350000,595.507996
28.550000,84.450000,36.882801
28.550000,84.550000,2.678300
28.550000,84.650000,994.783020
28.550000,84.750000,292.170013
28.550000,84.850000,172.908005
28.550000,84.950000,12.933800
28.550000,85.050000,54.795601
28.550000,85.150000,21.908701
28.550000,85.250000,29.516100
28.550000,85.350000,3.437770
28.550000,85.450000,67.487999
28.550000,85.550000,9.924010
28.550000,85.650000,0.313412
28.550000,85.750000,312.820007
28.550000,85.850000,476.123993
28.550000,85.950000,83.829102
28.550000,86.050000,0.144652
28.550000,86.150000,28083.800781
28.550000,86.250000,1.241590
28.550000,86.350000,1.241590
28.550000,86.450000,90.866798
28.550000,86.550000,25136.199219
28.550000,86.650000,32653.099609
28.550000,86.750000,2576.270020
28.550000,86.850000,21747.900391
28.550000,86.950000,23031.800781
28.550000,87.050000,54094.300781
28.550000,87.150000,1435.699951
28.550000,87.250000,61.917099
28.550000,87.350000,1487.719971
28.550000,87.450000,231.238998
28.550000,87.550000,119.002998
28.550000,87.650000,445.906006
28.550000,87.750000,0.156706
28.550000,87.850000,28.356001
28.550000,87.950000,720.096008
28.550000,88.050000,987.224976
28.550000,88.150000,116.811996
28.550000,88.250000,73.155502
28.650000,80.050000,34728.699219
28.650000,80.150000,13060.400391
28.650000,80.250000,4251.910156
28.650000,80.350000,61950.398438
28.650000,80.450000,49249.500000
28.650000,80.550000,33621.800781
28.650000,80.650000,14739.700195
28.650000,80.750000,2954.520020
28.650000,80.850000,3006.979980
28.650000,80.950000,23896.900391
28.650000,81.050000,26701.699219
28.650000,81.150000,24073.300781
28.650000,81.250000,27966.800781
28.650000,81.350000,201.570999
28.650000,81.450000,424.959991
28.650000,81.550000,3632.060059
28.650000,81.650000,2299.669922
28.650000,81.750000,1602.810059
28.650000,81.850000,1373.770020
28.650000,81.950000,2679.830078
28.650000,82.050000,3846.409912
28.650000,82.150000,4422.950195
28.650000,82.250000,3201.340088
28.650000,82.350000,3082.840088
28.650000,82.450000,6020.160156
28.650000,82.550000,2960.449951
28.650000,82.650000,3584.639893
28.650000,82.750000,2873.330078
28.650000,82.850000,887.757019
28.650000,82.950000,508.928009
28.650000,83.050000,209.550003
28.650000,83.150000,73.185097
28.650000,83.250000,51.544498
28.650000,83.350000,75.922302
28.650000,83.450000,33.079700
28.650000,83.550000,599.870972
28.650000,83.650000,1974.930054
28.650000,83.750000,6.263550
28.650000,83.850000,1.168770
28.650000,83.950000,150.024994
28.650000,84.050000,1088.339966
28.650000,84.150000,523.702026
28.650000,84.250000,265.484985
28.650000,84.350000,6.845040
28.650000,84.450000,107.430000
28.650000,84.550000,281.156006
28.650000,84.650000,99.071503
28.650000,84.750000,64.361801
28.650000,84.850000,74.625900
28.650000,84.950000,10.666200
28.650000,85.050000,1.649090
28.650000,85.150000,0.325942
28.650000,85.250000,0.807639
28.650000,85.350000,0.168760
28.650000,85.450000,0.156706
28.650000,85.550000,0.373684
28.650000,85.650000,330.384003
28.650000,85.750000,384.903015
28.650000,85.850000,1699.660034
28.650000,85.950000,0.542444
28.650000,86.050000,11285.599609
28.650000,86.150000,41195.800781
28.650000,86.250000,2.977410
28.650000,86.350000,6224.689941
28.650000,86.450000,30296.400391
28.650000,86.550000,156.110001
28.650000,86.650000,6096.549805
28.650000,86.750000,16639.099609
28.650000,86.850000,124.786003
28.650000,86.950000,192.052994
28.650000,87.050000,3.531910
28.650000,87.150000,41878.300781
28.650000,87.250000,608.268005
28.650000,87.350000,6.526720
28.650000,87.450000,1190.969971
28.650000,87.550000,3638.419922
28.650000,87.650000,80.917198
28.650000,87.750000,15.296900
28.650000,87.850000,2040.719971
28.650000,87.950000,2.748380
28.650000,88.050000,6.244130
28.650000,88.150000,14.549600
28.650000,88.250000,54.024899
28.750000,80.050000,13122.799805
28.750000,80.150000,4600.100098
28.750000,80.250000,12857.700195
28.750000,80.350000,8897.980469
28.750000,80.450000,1139.140015
28.750000,80.550000,57191.898438
28.750000,81.050000,2103.969971
28.750000,81.150000,422.937988
28.750000,81.050000,2103.969971
28.750000,81.150000,422.937988
28.750000,81.250000,4067.510010
28.750000,81.350000,1981.930054
28.750000,81.450000,3010.189941
28.750000,81.550000,4539.259766
28.750000,81.650000,4527.459961
28.750000,81.750000,1672.109985
28.750000,81.850000,3222.949951
28.750000,81.950000,1597.780029
28.750000,82.050000,1704.869995
28.750000,82.150000,1051.780029
28.750000,82.250000,3378.449951
28.750000,82.350000,2985.199951
28.750000,82.450000,939.122009
28.750000,82.550000,417.416992
28.750000,82.650000,972.810974
28.750000,82.750000,81.163902
28.750000,82.850000,362.657990
28.750000,82.950000,162.613007
28.750000,83.050000,1.678470
28.750000,83.150000,0.131648
28.750000,83.250000,82.162003
28.750000,83.350000,126.225998
28.750000,83.450000,95.324799
28.750000,83.550000,67.120003
28.750000,83.650000,2506.310059
28.750000,83.750000,933.565979
28.750000,83.850000,47.993698
28.750000,83.950000,177.554993
28.750000,84.050000,441.937988
28.750000,84.150000,176.013000
28.750000,84.250000,22.581100
28.750000,84.350000,111.526001
28.750000,84.450000,251.022003
28.750000,84.650000,164.718994
28.750000,84.750000,624.671997
28.750000,84.850000,6.372280
28.750000,84.950000,2.254160
28.750000,85.050000,0.928182
28.750000,85.150000,0.458064
28.750000,85.250000,0.156706
28.750000,85.350000,0.072326
28.750000,85.450000,78.709198
28.750000,85.550000,491.821991
28.750000,85.650000,259.338013
28.750000,85.750000,42.159401
28.750000,85.850000,0.168760
28.750000,85.950000,0.072326
28.750000,86.050000,0.771476
28.750000,86.150000,25065.800781
28.750000,86.250000,16899.099609
28.750000,86.350000,28842.900391
28.750000,86.450000,208.459000
28.750000,86.550000,23.355000
28.750000,86.650000,2770.629883
28.750000,86.750000,92.730202
28.750000,86.850000,125.262001
28.750000,86.950000,781.216980
28.750000,87.050000,701.567017
28.750000,87.150000,603.689026
28.750000,87.250000,28343.300781
28.750000,87.350000,8.956350
28.750000,87.450000,23.903700
28.750000,87.550000,21.806200
28.750000,87.650000,27.375299
28.750000,87.750000,67.549004
28.750000,87.850000,3663.209961
28.750000,87.950000,807.786011
28.750000,88.050000,1295.869995
28.750000,88.150000,73.911797
28.750000,88.250000,79.775002
28.850000,80.050000,32031.099609
28.850000,80.150000,543.258972
28.850000,80.250000,305.199005
28.850000,80.350000,6935.830078
28.850000,80.450000,24306.400391
28.850000,80.550000,46564.601563
28.850000,80.650000,13247.500000
28.850000,80.750000,465.393005
28.850000,80.850000,651.773987
28.850000,80.950000,333.536987
28.850000,81.050000,1799.520020
28.850000,81.150000,2735.939941
28.850000,81.250000,2377.010010
28.850000,81.350000,1322.739990
28.850000,81.450000,1171.010010
28.850000,81.550000,3052.310059
28.850000,81.650000,2886.790039
28.850000,81.750000,5083.850098
28.850000,81.850000,1364.640015
28.850000,81.950000,1525.280029
28.850000,82.050000,1228.170044
28.850000,82.150000,1299.500000
28.850000,82.250000,1299.199951
28.850000,82.350000,1498.790039
28.850000,82.450000,2549.120117
28.850000,82.550000,379.375000
28.850000,82.650000,70.161102
28.850000,82.750000,319.737000
28.850000,82.850000,175.817001
28.850000,82.950000,456.476990
28.850000,83.050000,450.346985
28.850000,83.150000,85.048103
28.850000,83.250000,101.532997
28.850000,83.350000,35.937099
28.850000,83.450000,1.053180
28.850000,83.550000,0.122377
28.850000,83.650000,1.178900
28.850000,83.750000,382.625000
28.850000,83.850000,408.395996
28.850000,83.950000,449.790009
28.850000,84.050000,62.593700
28.850000,84.150000,66.955902
28.850000,84.250000,196.052002
28.850000,84.350000,272.733002
28.850000,84.450000,109.413002
28.850000,84.550000,15.411400
28.850000,84.650000,0.566553
28.850000,84.750000,2.157720
28.850000,84.850000,0.819693
28.850000,84.950000,1.434460
28.850000,85.050000,0.879965
28.850000,85.150000,0.542444
28.850000,85.250000,2649.419922
28.850000,85.350000,370.993011
28.850000,85.450000,530.828003
28.850000,85.550000,238.173004
28.850000,85.650000,0.964345
28.850000,85.750000,0.313412
28.850000,85.850000,119.341003
28.850000,85.950000,397.609985
28.850000,86.050000,0.265195
28.850000,86.150000,0.301358
28.850000,86.250000,9926.709961
28.850000,86.350000,6472.129883
28.850000,86.450000,53.016602
28.850000,86.550000,67.942200
28.850000,86.650000,63.456501
28.850000,86.750000,114.116997
28.850000,86.850000,2.760440
28.850000,86.950000,95.014503
28.850000,87.050000,1248.030029
28.850000,87.150000,6.135640
28.850000,87.250000,9366.700195
28.850000,87.350000,33294.000000
28.850000,87.450000,7089.609863
28.850000,87.550000,25.024700
28.850000,87.650000,14.055300
28.850000,87.750000,13.645500
28.850000,87.850000,4.737340
28.850000,87.950000,737.578979
28.850000,88.050000,857.830994
28.850000,88.150000,127.160004
28.850000,88.250000,147.279999
28.950000,80.050000,19183.099609
28.950000,80.150000,31967.800781
28.950000,80.550000,14186.700195
28.950000,80.650000,11868.299805
28.950000,80.750000,1374.4
28.950000,80.550000,14186.700195
28.950000,80.650000,11868.299805
28.950000,80.750000,1374.439941
28.950000,80.850000,3212.479980
28.950000,80.950000,2394.850098
28.950000,81.050000,2315.149902
28.950000,81.150000,3135.169922
28.950000,81.250000,2851.689941
28.950000,81.350000,3100.489990
28.950000,81.450000,3593.600098
28.950000,81.550000,2197.860107
28.950000,81.650000,1931.920044
28.950000,81.750000,1279.949951
28.950000,81.850000,1156.109985
28.950000,81.950000,188.740005
28.950000,82.050000,61.148499
28.950000,82.150000,919.265015
28.950000,82.250000,1405.189941
28.950000,82.350000,270.688995
28.950000,82.450000,271.388000
28.950000,82.550000,2681.000000
28.950000,82.650000,1850.599976
28.950000,82.750000,410.928986
28.950000,82.850000,2665.840088
28.950000,82.950000,1721.369995
28.950000,83.050000,211.925003
28.950000,83.150000,215.242004
28.950000,83.250000,135.145996
28.950000,83.350000,167.757996
28.950000,83.450000,134.643997
28.950000,83.550000,134.056000
28.950000,83.650000,222.942993
28.950000,83.750000,549.252014
28.950000,83.850000,411.384003
28.950000,83.950000,128.097000
28.950000,84.050000,157.274002
28.950000,84.150000,254.371002
28.950000,84.250000,232.378998
28.950000,84.350000,201.479996
28.950000,84.450000,129.848999
28.950000,84.550000,150.475998
28.950000,84.650000,155.895996
28.950000,84.750000,154.024994
28.950000,84.850000,146.257996
28.950000,84.950000,280.011993
28.950000,85.050000,110.961998
28.950000,85.150000,75.436798
28.950000,85.250000,291.661987
28.950000,85.350000,531.916016
28.950000,85.450000,200.755997
28.950000,85.550000,0.433955
28.950000,85.650000,0.060272
28.950000,85.750000,0.096434
28.950000,85.850000,0.180815
28.950000,85.950000,0.156706
28.950000,86.050000,0.180815
28.950000,86.150000,32.194500
28.950000,86.250000,65.802498
28.950000,86.350000,621.568970
28.950000,86.450000,245.992004
28.950000,86.550000,64.741699
28.950000,86.650000,102.529999
28.950000,86.750000,0.807639
28.950000,86.850000,118.221001
28.950000,86.950000,596.479980
28.950000,87.050000,3.146170
28.950000,87.150000,5.725800
28.950000,87.250000,7.087930
28.950000,87.350000,4.387770
28.950000,87.450000,27553.099609
28.950000,87.550000,6.244130
28.950000,87.650000,2841.330078
28.950000,87.750000,22.396900
28.950000,87.850000,17.539000
28.950000,87.950000,6616.410156
28.950000,88.050000,2767.909912
28.950000,88.150000,190.160004
28.950000,88.250000,178.677994
29.050000,80.050000,8750.620117
29.050000,80.150000,12997.200195
29.050000,80.250000,833.671021
29.050000,80.350000,1502.630005
29.050000,80.450000,2246.889893
29.050000,80.550000,14210.000000
29.050000,80.650000,15171.000000
29.050000,80.750000,1699.479980
29.050000,80.850000,723.504028
29.050000,80.950000,820.023987
29.050000,81.050000,1208.189941
29.050000,81.150000,2873.620117
29.050000,81.250000,2570.370117
29.050000,81.350000,4131.700195
29.050000,81.850000,15.249600
29.050000,81.950000,31.381001
29.050000,81.850000,15.249600
29.050000,81.950000,31.381001
29.050000,82.050000,67.081802
29.050000,82.150000,57.157902
29.050000,82.250000,23.729700
29.050000,82.350000,72.481499
29.050000,82.450000,199.360001
29.050000,82.550000,701.455017
29.050000,82.650000,250.011993
29.050000,82.750000,3130.399902
29.050000,82.850000,531.380981
29.050000,82.950000,65.702698
29.050000,83.050000,66.022797
29.050000,83.150000,2.188020
29.050000,83.250000,0.450570
29.050000,83.350000,1.036080
29.050000,83.450000,17.187700
29.050000,83.550000,167.134995
29.050000,83.650000,440.816986
29.050000,83.750000,181.460007
29.050000,83.850000,54.316700
29.050000,83.950000,156.973999
29.050000,84.050000,137.098999
29.050000,84.150000,102.593002
29.050000,84.250000,107.592003
29.050000,84.350000,0.578607
29.050000,84.450000,0.662987
29.050000,84.550000,0.409846
29.050000,84.650000,40.870800
29.050000,84.750000,57.828701
29.050000,84.850000,69.018303
29.050000,84.950000,85.800102
29.050000,85.050000,86.013199
29.050000,85.150000,445.239990
29.050000,85.250000,644.671997
29.050000,85.350000,299.518005
29.050000,85.450000,174.408997
29.050000,85.550000,175.820999
29.050000,85.650000,171.546997
29.050000,85.750000,159.779999
29.050000,85.850000,119.637001
29.050000,85.950000,121.773003
29.050000,86.050000,168.666000
29.050000,86.150000,187.889008
29.050000,86.250000,180.714996
29.050000,86.350000,186.182999
29.050000,86.450000,196.850998
29.050000,86.550000,212.324997
29.050000,86.650000,170.496002
29.050000,86.750000,294.110992
29.050000,86.850000,717.335022
29.050000,86.950000,134.490997
29.050000,87.050000,136.399002
29.050000,87.150000,138.339996
29.050000,87.250000,139.488998
29.050000,87.350000,146.473007
29.050000,87.450000,8344.169922
29.050000,87.550000,26731.099609
29.050000,87.650000,7227.640137
29.050000,87.750000,3670.590088
29.050000,87.850000,1589.949951
29.050000,87.950000,149.807999
29.050000,88.050000,2029.439941
29.050000,88.150000,279.138000
29.050000,88.250000,148.270996
29.150000,80.050000,1834.670044
29.150000,80.150000,2235.149902
29.150000,80.250000,2602.530029
29.150000,80.350000,3441.330078
29.150000,80.450000,2530.429932
29.150000,80.550000,15817.900391
29.150000,80.650000,7724.259766
29.150000,80.750000,309.135010
29.150000,80.850000,458.326996
29.150000,80.950000,1611.160034
29.150000,81.050000,3368.340088
29.150000,81.150000,2545.560059
29.150000,81.250000,3040.250000
29.150000,81.350000,2402.760010
29.150000,81.450000,1689.040039
29.150000,81.550000,3680.290039
29.150000,81.650000,4182.040039
29.150000,81.750000,2131.179932
29.150000,81.850000,2104.830078
29.150000,81.950000,505.174011
29.150000,82.050000,302.440002
29.150000,82.150000,18.611900
29.150000,82.250000,80.664299
29.150000,82.350000,111.106003
29.150000,82.450000,181.367996
29.150000,82.550000,375.265991
29.150000,82.650000,50.771099
29.150000,82.750000,24.259
29.150000,83.150000,57.293701
29.150000,83.250000,4.552490
29.150000,83.350000,0.159461
29.150000,83.150000,57.293701
29.150000,83.250000,4.552490
29.150000,83.350000,0.159461
29.150000,83.450000,301.785004
29.150000,83.550000,394.895996
29.150000,83.750000,0.025959
29.150000,83.850000,126.861000
29.150000,83.950000,992.531982
29.150000,84.050000,84.085297
29.150000,84.150000,119.410004
29.150000,84.250000,0.241086
29.150000,84.350000,0.530390
29.150000,84.450000,0.156706
29.150000,84.550000,0.084380
29.150000,84.650000,0.108489
29.150000,84.750000,91.153000
29.150000,84.850000,0.325466
29.150000,84.950000,90.899300
29.150000,85.050000,328.545990
29.150000,85.150000,391.921997
29.150000,85.250000,0.156706
29.150000,85.350000,0.156706
29.150000,85.450000,801.208984
29.150000,85.550000,0.180815
29.150000,85.650000,0.361629
29.150000,85.750000,32.497299
29.150000,85.850000,2616.070068
29.150000,85.950000,115.830002
29.150000,86.050000,124.686996
29.150000,86.150000,1311.760010
29.150000,86.250000,114.858002
29.150000,86.350000,121.139000
29.150000,86.450000,77.910202
29.150000,86.550000,57.632599
29.150000,86.650000,3904.060059
29.150000,86.750000,668.833008
29.150000,86.850000,3645.689941
29.150000,86.950000,116.446999
29.150000,87.050000,13.725800
29.150000,87.150000,2.471130
29.150000,87.250000,3.977920
29.150000,87.350000,7.365180
29.150000,87.450000,9.667560
29.150000,87.550000,4508.669922
29.150000,87.650000,18043.599609
29.150000,87.750000,1339.819946
29.150000,87.850000,22.698299
29.150000,87.950000,172.350998
29.150000,88.050000,681.854980
29.150000,88.150000,384.933990
29.150000,88.250000,425.963013
29.250000,80.050000,3684.909912
29.250000,80.150000,2832.159912
29.250000,80.250000,2857.449951
29.250000,80.350000,868.424011
29.250000,80.450000,635.083984
29.250000,80.550000,3958.530029
29.250000,80.650000,21079.199219
29.250000,80.750000,2003.640015
29.250000,80.850000,3303.159912
29.250000,80.950000,6608.259766
29.250000,81.050000,2586.620117
29.250000,81.150000,1882.219971
29.250000,81.250000,4679.569824
29.250000,81.350000,1899.920044
29.250000,81.450000,515.783020
29.250000,81.550000,1104.180054
29.250000,81.650000,4991.939941
29.250000,81.750000,1165.930054
29.250000,81.850000,168.742004
29.250000,81.950000,1921.310059
29.250000,82.050000,1702.410034
29.250000,82.150000,3051.669922
29.250000,82.250000,526.205994
29.250000,82.350000,327.259003
29.250000,82.450000,271.945007
29.250000,82.550000,27.452000
29.250000,82.650000,0.823264
29.250000,82.750000,0.317068
29.250000,82.850000,67.621696
29.250000,82.950000,0.129242
29.250000,83.050000,0.330047
29.250000,83.150000,4.087770
29.250000,83.250000,101.920998
29.250000,83.350000,418.960999
29.250000,83.450000,244.403000
29.250000,83.550000,0.482172
29.250000,83.750000,134.276001
29.250000,83.850000,28.759600
29.250000,83.950000,135.475998
29.250000,84.050000,127.678001
29.250000,84.350000,0.096434
29.250000,84.450000,1300.010010
29.250000,84.550000,0.711204
29.250000,84.650000,0.928182
29.250000,84.750000,0.711204
29.250000,84.850000,83.061699
29.250000,84.950000,478.307007
29.250000,85.050000,261.992004
29.250000,85.150000,0.458064
29.250000,85.250000,0.349575
29.250000,85.350000,1485.189941
29.250000,85.450000,0.518335
29.250000,85.550000,0.421901
29.250000,85.650000,0.192869
29.250000,85.750000,0.180815
29.250000,85.850000,1034.849976
29.250000,85.950000,52.820499
29.250000,86.050000,63.062500
29.250000,86.150000,43.943401
29.250000,86.250000,67.444901
29.250000,86.350000,0.470118
29.250000,86.450000,105.265999
29.250000,86.550000,434.437988
29.250000,86.650000,819.703979
29.250000,86.750000,67.991302
29.250000,86.850000,67.835098
29.250000,86.950000,64.528702
29.250000,87.050000,55.755699
29.250000,87.150000,1513.099976
29.250000,87.250000,2695.260010
29.250000,87.350000,13.459000
29.250000,87.450000,489.994995
29.250000,87.550000,14.380800
29.250000,87.650000,2620.600098
29.250000,87.750000,18731.400391
29.250000,87.850000,105.709999
29.250000,87.950000,218.315994
29.250000,88.050000,21.914700
29.250000,88.150000,1273.060059
29.250000,88.250000,1191.780029
29.350000,80.050000,9493.980469
29.350000,80.150000,7287.520020
29.350000,80.250000,6733.870117
29.350000,80.350000,4061.860107
29.350000,80.450000,4551.100098
29.350000,80.550000,2897.719971
29.350000,80.650000,3485.479980
29.350000,80.750000,4822.589844
29.350000,80.850000,3028.469971
29.350000,80.950000,2126.030029
29.350000,81.050000,1289.890015
29.350000,81.150000,117.202003
29.350000,81.250000,2708.969971
29.350000,81.350000,5898.810059
29.350000,81.450000,355.265991
29.350000,81.550000,59.418999
29.350000,81.650000,276.881012
29.350000,81.750000,2934.260010
29.350000,81.850000,158.593994
29.350000,81.950000,612.161011
29.350000,82.050000,388.212006
29.350000,82.150000,127.004997
29.350000,82.250000,1355.459961
29.350000,82.350000,551.575012
29.350000,82.450000,1.468530
29.350000,82.550000,0.274421
29.350000,82.650000,0.094564
29.350000,83.150000,186.162003
29.350000,83.250000,483.105988
29.350000,83.3550000,2.038150
29.350000,83.150000,186.162003
29.350000,83.250000,483.105988
29.350000,83.350000,175.865005
29.350000,83.550000,92.930298
29.350000,83.650000,128.764999
29.350000,83.850000,0.554498
29.350000,83.950000,262.303009
29.350000,84.050000,241.371994
29.350000,84.150000,13.116300
29.350000,84.250000,0.096434
29.350000,84.350000,0.711204
29.350000,84.450000,0.626824
29.350000,84.550000,0.578607
29.350000,84.650000,0.458064
29.350000,84.750000,225.671005
29.350000,84.850000,542.453003
29.350000,84.950000,1654.359985
29.350000,85.050000,44.300201
29.350000,85.150000,0.506281
29.350000,85.250000,3192.040039
29.350000,85.350000,0.156706
29.350000,85.450000,0.535389
29.350000,85.550000,1.299500
29.350000,85.650000,0.192869
29.350000,85.750000,64.024101
29.350000,85.850000,41.457100
29.350000,85.950000,65.689796
29.350000,86.050000,48.803101
29.350000,86.150000,970.843994
29.350000,86.650000,181.244003
29.350000,86.750000,30.419500
29.350000,86.850000,531.169006
29.350000,86.650000,181.244003
29.350000,86.750000,30.419500
29.350000,86.850000,551.414001
29.350000,86.950000,66.106499
29.350000,87.050000,97.250397
29.350000,87.150000,64.191200
29.350000,87.250000,1412.239990
29.350000,87.350000,2376.959961
29.350000,87.450000,1614.359985
29.350000,87.550000,1701.550049
29.350000,87.650000,83.919998
29.350000,87.750000,2436.620117
29.350000,87.850000,17311.300781
29.350000,87.950000,21974.599609
29.350000,88.050000,15965.599609
29.350000,88.150000,15015.400391
29.350000,88.250000,9439.240234
29.450000,80.050000,10937.900391
29.450000,80.150000,7382.839844
29.450000,80.250000,5872.450195
29.450000,80.350000,2489.949951
29.450000,80.450000,3677.889893
29.450000,80.550000,3696.659912
29.450000,80.650000,2947.770020
29.450000,80.750000,2666.570068
29.450000,80.850000,2840.780029
29.450000,80.950000,3853.590088
29.450000,81.050000,2803.649902
29.450000,81.150000,2901.000000
29.450000,81.250000,2326.800049
29.450000,81.350000,1342.709961
29.450000,81.450000,3321.929932
29.450000,81.550000,1909.010010
29.450000,81.650000,2929.320068
29.450000,81.750000,3435.810059
29.450000,81.850000,226.626007
29.450000,81.950000,1025.420044
29.450000,82.050000,500.368011
29.450000,82.150000,218.126999
29.450000,82.250000,241.365005
29.450000,82.350000,0.912266
29.450000,82.450000,0.409778
29.450000,82.550000,6.198320
29.450000,82.650000,67.148201
29.450000,82.750000,51.669701
29.450000,82.850000,0.292963
29.450000,82.950000,124.078003
29.450000,83.050000,559.393005
29.450000,83.150000,522.507019
29.450000,83.250000,2.507660
29.450000,83.450000,123.186996
29.450000,83.550000,106.835999
29.450000,83.850000,134.093002
29.450000,84.450000,0.229032
29.450000,84.550000,0.229032
29.450000,84.650000,279.377991
29.450000,84.750000,524.554016
29.450000,84.850000,200.626007
29.450000,84.950000,11.460600
29.450000,85.050000,35.857899
29.000,85.450000,0.433955
29.450000,85.550000,0.229032
29.450000,85.650000,66.437500
29.450000,85.550000,0.229032
29.450000,85.650000,66.437500
29.450000,85.750000,9637.549805
29.450000,85.850000,67.044899
29.450000,85.950000,36.092800
29.450000,86.050000,1169.689941
29.450000,86.150000,0.373684
29.450000,86.250000,63.414200
29.450000,86.350000,497.592987
29.450000,86.450000,500.188995
29.450000,86.550000,159.050003
29.450000,86.650000,233.378006
29.450000,86.750000,2949.030029
29.450000,86.850000,1.868420
29.450000,86.950000,2.217990
29.450000,87.050000,98.747398
29.450000,87.150000,3.339040
29.450000,87.250000,7.280800
29.450000,87.350000,11.282800
29.450000,87.450000,13.163300
29.450000,87.550000,17.080999
29.450000,87.650000,2206.870117
29.450000,87.750000,200.681000
29.450000,87.850000,98.902397
29.450000,87.950000,65.936699
29.450000,88.050000,83.797699
29.450000,88.150000,3267.370117
29.450000,88.250000,18772.699219
29.550000,80.050000,27215.599609
29.550000,80.150000,8864.809570
29.550000,80.250000,43380.601563
29.550000,80.350000,5335.709961
29.550000,80.450000,3738.620117
29.550000,80.550000,4229.229980
29.550000,80.650000,2906.500000
29.550000,80.750000,3511.040039
29.550000,80.850000,5919.799805
29.550000,80.950000,2069.949951
29.550000,81.050000,4397.729980
29.550000,81.150000,5403.470215
29.550000,81.250000,4329.839844
29.550000,81.350000,1019.609985
29.550000,81.450000,897.924988
29.550000,81.550000,260.700989
29.550000,81.650000,1998.520020
29.550000,81.750000,2829.899902
29.550000,81.850000,5231.450195
29.550000,81.950000,1742.119995
29.550000,82.050000,3846.870117
29.550000,82.150000,4014.340088
29.550000,82.250000,210.343002
29.550000,82.350000,203.919998
29.550000,82.450000,230.468994
29.550000,82.550000,116.000999
29.550000,82.650000,83.860397
29.550000,82.750000,0.220650
29.550000,82.850000,124.133003
29.550000,82.950000,426.401001
29.550000,83.050000,238.022995
29.550000,83.150000,6.780770
29.550000,83.350000,133.990005
29.550000,83.450000,49.226398
29.550000,83.750000,134.063995
29.550000,84.050000,481.864990
29.550000,84.450000,0.060272
29.550000,84.550000,316.431000
29.550000,84.650000,1695.359985
29.550000,84.750000,122.612999
29.550000,84.850000,0.952071
29.550000,84.950000,491.188995
29.550000,85.050000,0.156706
29.550000,85.150000,27.208500
29.550000,85.250000,0.229032
29.550000,85.350000,0.120543
29.550000,85.450000,0.096434
29.550000,85.550000,67.241302
29.550000,85.650000,0.156706
29.550000,85.750000,8491.650391
29.550000,85.850000,46.617199
29.550000,85.950000,62.049599
29.550000,86.050000,0.650933
29.550000,86.150000,52.093201
29.550000,86.250000,565.242981
29.550000,86.350000,460.050995
29.550000,86.450000,0.687096
29.550000,86.550000,0.638878
29.550000,86.650000,0.723259
29.550000,86.750000,2.398810
29.550000,86.850000,2.398810
29.550000,86.950000,2.603730
29.550000,87.050000,2.567570
29.550000,87.150000,4.821720
29.550000,87.250000,3.122070
29.550000,87.300,308.835999
29.550000,87.750000,86.363197
29.550000,87.850000,19.238701
29.550000,87.9500000,308.835999
29.550000,87.750000,86.363197
29.550000,87.850000,19.238701
29.550000,87.950000,19.865499
29.550000,88.050000,132.981995
29.550000,88.150000,874.807983
29.550000,88.250000,111.580002
29.650000,80.050000,9566.740234
29.650000,80.150000,7093.020020
29.650000,80.250000,50581.101563
29.650000,80.350000,5235.830078
29.650000,80.450000,4726.479980
29.650000,80.550000,7403.549805
29.650000,80.650000,7257.419922
29.650000,80.750000,6578.109863
29.650000,80.850000,3455.879883
29.650000,80.950000,961.461975
29.650000,81.050000,626.632019
29.650000,81.150000,1121.260010
29.650000,81.250000,1835.349976
29.650000,81.350000,1953.050049
29.650000,81.450000,50.121799
29.650000,81.550000,70.115196
29.650000,81.650000,444.648010
29.650000,81.750000,1282.439941
29.650000,81.850000,3109.209961
29.650000,81.950000,3718.959961
29.650000,82.050000,746.093018
29.650000,82.150000,216.800003
29.650000,82.250000,129.216003
29.650000,82.350000,90.966499
29.650000,82.450000,54.167599
29.650000,82.550000,55.828701
29.650000,82.650000,36.371201
29.650000,82.750000,243.606995
29.650000,82.850000,496.246002
29.650000,82.950000,221.729996
29.650000,83.050000,65.441101
29.650000,83.150000,147.927002
29.650000,83.250000,173.442001
29.650000,83.650000,131.940002
29.650000,83.950000,240.931000
29.650000,84.150000,1.905820
29.650000,84.250000,1.127100
29.650000,84.350000,55.208599
29.650000,84.450000,346.360992
29.650000,84.550000,369.950012
29.650000,84.650000,0.244237
29.650000,84.750000,19.464701
29.650000,84.850000,57.906700
29.650000,84.950000,10.824600
29.650000,85.050000,0.168760
29.650000,85.150000,0.192869
29.650000,85.250000,0.096434
29.650000,85.350000,20.331301
29.650000,85.450000,66.918297
29.650000,85.550000,25.839300
29.650000,85.650000,66.222900
29.650000,85.750000,12922.400391
29.650000,85.850000,58.194801
29.650000,85.950000,0.421901
29.650000,86.050000,26.831100
2.650000,86.450000,1.217490
29.650000,86.550000,1.868420
29.650000,86.650000,2.217990
29.650000,86.550000,1.868420
29.650000,86.650000,2.217990
29.650000,86.750000,3.025630
29.650000,86.850000,1.796090
29.650000,86.950000,1.434460
29.650000,87.050000,756.158997
29.650000,87.150000,3.326990
29.650000,87.250000,2.302370
29.650000,87.350000,3.977920
29.650000,87.450000,59.095001
29.650000,87.550000,137.016998
29.650000,87.650000,5875.859863
29.650000,87.750000,29.032301
29.650000,87.850000,7.316970
29.650000,87.950000,118.277000
29.650000,88.050000,114.134003
29.650000,88.150000,6.919170
29.650000,88.250000,346.233002
29.750000,80.050000,8851.080078
29.750000,80.150000,6523.520020
29.750000,80.250000,48445.101563
29.750000,80.350000,5818.859863
29.750000,80.450000,4246.109863
29.750000,80.550000,1945.430054
29.750000,80.650000,3110.209961
29.750000,80.750000,3635.340088
29.750000,80.850000,2062.350098
29.750000,80.950000,80.304199
29.750000,81.050000,48.549599
29.750000,81.150000,75.435303
29.750000,81.250000,138.654999
29.750000,81.350000,249.358002
29.750000,81.450000,84.553497
29.750000,81.550000,56.950199
29.750000,81.650000,11.853300
29.750000,81.750000,38.845798
29.750000,81.850000,404.398010
29.750000,81.950000,2304.560059
29.750000,82.050000,1518.119995
29.750000,82.150000,4.849700
29.750000,82.250000,7.392970
29.750000,82.350000,106.719002
29.750000,82.450000,169.375000
29.750000,82.550000,130.194000
29.750000,82.650000,499.378998
29.750000,82.750000,478.338013
29.750000,82.850000,97.208900
29.750000,83.050000,122.488998
29.750000,83.150000,108.643997
29.750000,83.250000,31.320400
29.750000,83.350000,52.587101
29.750000,83.450000,62.643398
29.750000,83.550000,194.613998
29.750000,83.650000,707.898010
29.750000,83.750000,61.112598
29.750000,83.850000,49.780800
29.750000,83.950000,27.432800
29.750000,84.050000,3819.090088
29.750000,84.250000,99.812202
29.750000,84.350000,498.692993
29.750000,84.450000,257.062988
29.750000,84.950000,72.717903
29.750000,85.050000,7.169410
29.750750000,84.850000,84.850700
29.750000,84.950000,72.717903
29.750000,85.050000,7.169410
29.750000,85.150000,9.227870
29.750000,85.250000,40.902500
29.750000,85.350000,64.120102
29.750000,85.450000,42.086601
29.750000,85.550000,63.762699
29.750000,85.650000,59.492599
29.750000,85.750000,12954.500000
29.750000,85.850000,0.590661
29.750000,85.950000,0.349575
29.750000,86.050000,634.913025
29.750000,86.150000,310.078003
29.750000,86.250000,395.419006
29.750000,86.350000,0.940236
29.750000,86.450000,1.000510
29.750000,86.550000,0.747367
29.750000,86.650000,1.410350
29.750000,86.750000,0.892019
29.750000,86.850000,1.109000
29.750000,86.950000,0.867910
29.750000,87.050000,1.012560
29.750000,87.150000,3.363150
29.750000,87.250000,2.736330
29.750000,87.350000,46.015400
29.750000,87.450000,401.959015
29.750000,87.550000,24.880199
29.750000,87.650000,64.629097
29.750000,87.750000,5.086920
29.750000,88.250000,405.697998
29.850000,80.050000,8504.500000
29.750000,88.250000,405.697998
29.850000,80.050000,8504.500000
29.850000,80.150000,44116.898438
29.850000,80.250000,24722.199219
29.850000,80.350000,4393.209961
29.850000,80.450000,7233.850098
29.850000,80.550000,29344.400391
29.850000,80.650000,1313.800049
29.850000,80.750000,143.487000
29.850000,80.850000,1352.160034
29.850000,80.950000,95.438202
29.850000,81.050000,9.326540
29.850000,81.150000,50.652901
29.850000,81.250000,100.720001
29.850000,81.350000,32.274200
29.850000,81.450000,0.743942
29.850000,81.550000,1.132420
29.850000,81.650000,3.749200
29.850000,81.750000,119.011002
29.850000,81.850000,2266.300049
29.850000,81.950000,428.738007
29.850000,82.050000,1.375100
29.850000,82.150000,12.005300
29.850000,82.250000,34.681702
29.850000,82.350000,62.786701
29.850000,82.450000,163.291000
29.850000,82.550000,438.407990
29.850000,82.650000,348.972992
29.850000,82.850000,43.246399
29.850000,82.950000,237.673004
29.850000,83.050000,178.496994
29.850000,83.150000,134.326996
29.850000,83.250000,128.597000
29.850000,83.350000,1200.300049
29.850000,83.450000,180.056000
29.850000,83.550000,78.955002
29.850000,83.750000,633.989014
29.850000,83.850000,122.372002
29.850000,83.950000,65.431297
29.850000,84.050000,81.474602
29.850000,84.150000,333.307007
29.850000,84.250000,839.169983
29.850000,84.350000,292.882996
29.850000,84.450000,56.787201
29.850000,84.550000,49.396301
29.850000,84.650000,74.746201
29.850000,84.750000,84.520203
29.850000,84.850000,84.098602
29.850000,84.950000,55.996101
29.850000,85.050000,3.545770
29.850000,85.150000,52.194302
29.850000,85.250000,93.113098
29.850000,85.350000,51.963100
29.850000,85.450000,59.496399
29.850000,85.550000,63.393101
29.850000,85.650000,42.831402
29.850000,85.750000,14359.700195
29.850000,85.850000,0.373684
29.850000,85.950000,651.419006
29.850000,86.050000,231.326996
29.850000,86.150000,0.928182
29.850000,86.650000,1.096940
29.850000,86.750000,1.477770
29.850000,86.650000,1.096940
29.850000,86.750000,1.477770
29.850000,86.850000,1.398300
29.850000,86.950000,0.747367
29.850000,87.050000,1.193380
29.850000,87.150000,2.688110
29.850000,87.250000,33.248699
29.850000,87.350000,298.971008
29.850000,87.450000,2.230050
29.850000,87.550000,69.097298
29.850000,87.650000,3.037690
29.850000,87.750000,95.859901
29.850000,87.850000,119.739998
29.850000,87.950000,1019.450012
29.850000,88.050000,495.346008
29.850000,88.150000,307.975006
29.850000,88.250000,2.001020
29.950000,80.050000,6345.290039
29.950000,80.150000,9840.360352
29.950000,80.250000,4817.089844
29.950000,80.350000,3607.149902
29.950000,80.450000,1914.219971
29.950000,80.550000,13236.400391
29.950000,80.650000,6561.279785
29.950000,80.750000,1797.979980
29.950000,80.850000,5.326440
29.950000,80.950000,11.072800
29.950000,81.050000,98.036797
29.950000,81.150000,85.555603
29.950000,81.250000,0.565530
29.950000,81.350000,1.227480
29.950000,81.450000,0.417937
29.950000,81.550000,0.404215
29.950000,81.650000,105.176003
29.950000,81.750000,1104.760010
29.950000,81.850000,2409.449951
29.950000,81.950000,101.955002
29.950000,82.050000,0.194691
29.950000,82.150000,0.113106
29.950000,82.250000,65.548103
29.950000,82.350000,193.768997
29.950000,82.450000,417.186005
29.950000,82.550000,107.046997
29.950000,82.750000,92.117996
29.950000,82.850000,129.473999
29.950000,83.350000,17549.699219
29.950000,83.450000,7204.390137
29.950000,83.550000,120.945999
29.950000,83.650000,133.145996
29.950000,83.750000,132.459000
29.950000,83.850000,119.650002
29.950000,83.950000,107.867996
29.950000,84.050000,327.281006
29.950000,84.150000,515.927002
29.950000,84.250000,187.078003
29.950000,84.350000,0.129742
29.950000,84.550000,42.866199
29.950000,84.650000,94.900803
29.950000,84.750000,142.326004
29.950000,84.850000,121.133003
29.950000,84.950000,69.618301
29.9550000,85.350000,52.858700
29.950000,85.450000,65.768303
29.950000,85.550000,28.567301
29.95050000,85.350000,52.858700
29.950000,85.450000,65.768303
29.950000,85.550000,28.567301
29.950000,85.650000,5819.370117
29.950000,85.750000,8381.769531
29.950000,85.850000,655.557007
29.950000,85.950000,193.725006
29.950000,86.050000,0.253140
29.950000,86.150000,0.265195
29.950000,86.250000,0.096434
29.950000,86.350000,0.289303
29.950000,86.450000,0.337521
29.950000,86.550000,207.533997
29.950000,86.650000,336.040985
29.950000,86.750000,0.662987
29.950000,86.850000,0.614770
29.950000,86.950000,1.096940
29.950000,87.050000,1.000510
29.950000,87.150000,1029.420044
29.950000,87.250000,132.809006
29.950000,87.350000,0.843802
29.950000,87.450000,56.703400
29.950000,87.550000,37.643600
29.950000,87.650000,570.919006
29.950000,87.750000,2192.260010
29.950000,87.850000,70.349899
29.950000,87.950000,516.450989
29.950000,88.050000,1825.739990
29.950000,88.150000,1.000510
29.950000,88.250000,1.036670
30.050000,80.050000,5262.629883
30.050000,80.150000,3910.770020
30.050000,80.250000,5264.939941
30.050000,80.350000,3669.189941
30.050000,80.450000,914.643005
30.050000,80.550000,1682.869995
30.050000,80.650000,1108.239990
30.050000,80.750000,2575.909912
30.050000,80.850000,308.808014
30.050000,80.950000,283.713013
30.050000,81.050000,84.066498
30.050000,81.150000,0.571476
30.050000,81.250000,0.252171
30.050000,81.350000,1.162750
30.050000,81.450000,1.226770
30.050000,81.550000,1528.430054
30.050000,81.650000,1837.839966
30.050000,81.750000,1468.930054
30.050000,81.850000,113.990997
30.050000,81.950000,30.030899
30.050000,82.050000,0.815629
30.050000,82.150000,164.975006
30.050000,82.250000,400.377014
30.050000,82.350000,255.914001
30.050000,82.650000,124.132004
30.050000,82.750000,106.427002
30.050000,83.250000,102.040001
30.050000,83.350000,115.903000
30.050000,83.450000,23198.300781
30.050000,83.850000,33.351799
30.050000,83.950000,410.437012
30.050000,84.050000,525.931030
30.050000,84.450000,107.922997
30.050000,84.550000,62.281101
30.050000,84.750000,1.467510
30.050000,84.450000,107.922997
30.050000,84.550000,62.281101
30.050000,84.750000,1.467510
30.050000,84.950000,64.217598
30.050000,85.050000,40.618099
30.050000,85.150000,63.406300
30.050000,85.250000,81.169098
30.050000,85.350000,121.461998
30.050000,85.450000,762.192993
30.050000,85.550000,9106.469727
30.050000,85.650000,15369.900391
30.050000,85.750000,709.184021
30.050000,85.850000,109.364998
30.050000,85.950000,39.731800
30.050000,86.050000,0.072326
30.050000,86.150000,0.542444
30.050000,86.250000,0.313412
30.050000,86.350000,0.096434
30.050000,86.450000,253.102005
30.050000,86.550000,0.156706
30.050000,86.650000,1.193380
30.050000,86.750000,1.109000
30.050000,86.850000,0.602715
30.050000,86.950000,7.875430
30.050000,87.050000,0.470118
30.050000,87.150000,133.138000
30.050000,87.250000,0.518335
30.050000,87.350000,0.518335
30.050000,87.450000,64.115997
30.050000,87.550000,71.180801
30.050000,87.650000,126.365997
30.050000,87.750000,104.823997
30.050000,87.850000,512.939026
30.050000,87.950000,51.404499
30.050000,88.050000,0.771476
30.050000,88.150000,95.855598
30.050000,88.250000,194.417007
30.150000,80.050000,1233.770020
30.150000,80.150000,1282.560059
30.150000,80.250000,2120.669922
30.150000,80.350000,846.838989
30.150000,80.450000,274.967987
30.150000,80.550000,292.894012
30.150000,80.650000,327.319000
30.150000,80.750000,116.916000
30.150000,80.850000,921.059998
30.150000,80.950000,81.642601
30.150000,81.050000,150.268005
30.150000,81.150000,197.585999
30.150000,81.250000,710.408997
30.150000,81.350000,1850.900024
30.150000,81.450000,1341.140015
30.150000,81.550000,1317.579956
30.150000,81.650000,120.841003
30.150000,81.750000,0.113106
30.150000,81.850000,0.122804
30.150000,81.950000,15.815300
30.150000,82.050000,239.585007
30.150000,82.150000,436.230988
30.150000,82.250000,196.949005
30.150000,82.550000,134.272003
30.150000,82.650000,39.068401
30.150000,83.050000,376.109009
30.150000,83.150000,87.637199
30.150000,83.250000,121.737000
30.150000,83.350000,950.489990
30.150000,83.650000,1290.300049
30.150000,83.750000,94.346199
30.150000,83.850000,471.804993
30.150000,83.950000,274.804993
30.150000,84.050000,22.185400
30.150000,84.150000,22.176399
30.150000,84.250000,22.032400
30.150000,84.350000,22.185900
30.150000,84.450000,10.050400
30.150000,84.550000,88.041603
30.150000,84.650000,118.829002
30.150000,84.750000,132.177002
30.150000,84.850000,200.263000
30.150000,84.950000,140.445999
30.150000,85.050000,220.477997
30.150000,85.150000,63.953602
30.150000,85.250000,66.978897
30.150000,85.350000,9137.120117
30.150000,85.450000,13441.299805
30.150000,85.550000,2255.129883
30.150000,85.650000,606.151001
30.150000,85.750000,63.749901
30.150000,85.850000,0.024109
30.150000,85.950000,36.216499
30.150000,86.050000,53.062302
30.150000,86.150000,62.260700
30.150000,86.250000,66.533401
30.150000,86.350000,67.208702
30.150000,86.4500,22.624201
30.150000,86.850000,0.470118
30.150000,86.950000,0.542444
30.150000,86.850000,0.470118
30.150000,86.950000,0.542444
30.150000,87.050000,132.949005
30.150000,87.150000,1.995910
30.150000,87.250000,41.777500
30.150000,87.350000,150.259995
30.150000,87.450000,136.878006
30.150000,87.550000,130.016998
30.150000,87.650000,282.127991
30.150000,87.750000,512.067017
30.150000,87.850000,260.716003
30.150000,87.950000,217.552002
30.150000,88.050000,209.332993
30.150000,88.150000,153.582993
30.150000,88.250000,0.433955
30.250000,80.050000,268.967010
30.250000,80.150000,242.679001
30.250000,80.250000,345.149994
30.250000,80.350000,110.542000
30.250000,80.450000,108.194000
30.250000,80.550000,488.574005
30.250000,80.650000,140.755997
30.250000,80.750000,12.695800
30.250000,80.850000,87.919197
30.250000,80.950000,160.052002
30.250000,81.050000,2.093450
30.250000,81.150000,8215.519531
30.250000,81.250000,305.566010
30.250000,81.350000,272.519012
30.250000,81.450000,387.480011
30.250000,81.550000,286.803986
30.250000,81.650000,1.689410
30.250000,81.750000,0.077876
30.250000,81.850000,0.011125
30.250000,81.950000,388.713989
30.250000,82.050000,378.209991
30.250000,82.350000,99.663902
30.250000,82.450000,127.389000
30.250000,82.950000,2476.770020
30.250000,83.050000,68.025703
30.250000,83.150000,124.975998
30.250000,83.650000,241.350998
30.250000,83.750000,520.187012
30.250000,83.850000,239.699005
30.250000,83.950000,1.204190
30.250000,84.050000,13.076400
30.250000,84.150000,22.062201
30.250000,84.250000,22.129299
30.250000,84.350000,22.177401
30.250000,84.450000,51.304699
30.250000,84.550000,699.192017
30.250000,84.750000,67.066803
30.250000,84.950000,67.167900
30.250000,85.050000,66.332703
30.250000,85.150000,163.518005
30.250000,85.250000,122.950996
30.250000,85.350000,13914.000000
30.250000,85.450000,269.709991
30.250000,85.550000,707.429993
30.250000,85.650000,161.917999
30.250000,85.750000,24.547600
30.250000,85.950,0.216978
30.250000,86.350000,0.192869
30.250000,86.450000,0.156706
30.250000,86.350000,0.192869
30.250000,86.450000,0.156706
30.250000,86.550000,0.253140
30.250000,86.650000,25.674299
30.250000,86.750000,48.038799
30.250000,86.850000,59.148998
30.250000,86.950000,197.746002
30.250000,87.050000,67.243797
30.250000,87.150000,108.872002
30.250000,87.250000,242.944000
30.250000,87.350000,262.661011
30.250000,87.450000,422.484985
30.250000,87.550000,653.617981
30.250000,87.650000,636.344971
30.250000,87.750000,332.789001
30.250000,87.850000,162.878006
30.250000,87.950000,578.870972
30.250000,88.050000,0.373684
30.250000,88.150000,0.421901
30.250000,88.250000,0.494227
30.350000,80.050000,23.107599
30.350000,80.150000,148.365005
30.350000,80.250000,124.074997
30.350000,80.350000,35.137699
30.350000,80.450000,118.403999
30.350000,80.550000,140.309006
30.350000,80.650000,79.604599
30.350000,80.750000,97.725502
30.350000,80.850000,53.659100
30.350000,80.950000,1.350080
30.350000,81.050000,3.760940
30.350000,81.150000,16348.900391
30.350000,81.250000,100.188004
30.350000,81.350000,152.514008
30.350000,81.450000,129.847000
30.350000,81.550000,58.108501
30.350000,81.650000,185.878006
30.350000,81.750000,325.609985
30.350000,81.850000,591.882996
30.350000,81.950000,252.632996
30.350000,82.250000,127.561996
30.350000,82.350000,99.438202
30.350000,82.950000,36.126202
30.350000,83.050000,129.563995
30.350000,83.550000,301.990997
30.350000,83.650000,497.614014
30.350000,83.750000,190.598999
30.350000,84.150000,5.787380
30.350000,84.250000,19.296000
30.350000,84.350000,22.160101
30.350000,84.450000,22.064899
30.350000,84.550000,56.939499
30.350000,84.650000,65.580399
30.350000,84.750000,22.229500
30.350000,84.850000,66.420799
30.350000,84.950000,45.763000
30.350000,85.050000,62.435799
30.350000,85.350000,10833.700195
30.350000,85.450000,566.812988
30.350000,85.550000,65.565201
30.350000,85.650000,47.538898
30.350000,85.750000,100.821999
30.350000,85.850000,123.835999
30.350000,85.950000,133.503006
30.350000,86.050000,132.802994
30.350000,86.150000,121.917999
30.350000,86.250000,97.317596
30.350000,86.350000,38.094799
30.350000,86.450000,0.180815
30.350000,86.550000,0.168760
30.350000,86.650000,0.470118
30.350000,86.750000,0.313412
30.350000,86.850000,133.240997
30.350000,86.950000,0.120543
30.350000,87.050000,28.851200
30.350000,87.150000,205.792007
30.350000,87.250000,318.187012
30.350000,87.350000,393.681000
30.350000,87.450000,721.729980
30.350000,87.550000,455.980988
30.350000,87.650000,158.453995
30.350000,87.750000,118.164001
30.350000,87.850000,150.645004
30.350000,87.950000,142.832993
30.350000,88.050000,72.890503
30.350000,88.150000,55.744701
30.350000,88.250000,43.610600
30.450000,80.050000,39.435902
30.450000,80.150000,173.591995
30.450000,80.250000,67.718903
30.450000,80.350000,69.958702
30.450000,80.450000,12.974900
30.450000,80.550000,0.084380
30.450000,80.750000,1.193380
30.450000,80.85000,14446.900391
30.450000,81.250000,115.507004
30.450000,81.350000,132.699997
30.450000,81.450,14446.900391
30.450000,81.250000,115.507004
30.450000,81.350000,132.699997
30.450000,81.450000,0.458064
30.450000,81.550000,1.663490
30.450000,81.650000,192.973007
30.450000,81.750000,511.678009
30.450000,81.850000,297.514008
30.450000,81.950000,191.632996
30.450000,82.050000,216.356003
30.450000,82.150000,216.759995
30.450000,82.950000,132.496994
30.450000,83.350000,38.020000
30.450000,83.450000,327.868988
30.450000,83.550000,397.321014
30.450000,83.650000,74.490402
30.450000,84.250000,1.047050
30.450000,84.350000,12.798700
30.450000,84.450000,72.202400
30.450000,84.550000,81.762703
30.450000,84.650000,43.461899
30.450000,84.750000,63.737598
30.450000,84.850000,54.766399
30.450000,84.950000,57.369999
30.450000,85.150000,4248.310059
30.450000,85.250000,15150.900391
30.450000,85.350000,6594.240234
30.450000,85.450000,58.952099
30.450000,85.550000,38.231300
30.450000,85.850000,5.655810
30.450000,86.350000,1005.200012
30.450000,86.450000,121.972000
3.450000,86.250000,54.619499
30.450000,86.350000,1005.200012
30.450000,86.450000,121.972000
30.450000,86.550000,132.684998
30.450000,86.650000,133.593002
30.450000,86.750000,413.985992
30.450000,86.850000,670.038025
30.450000,86.950000,1037.650024
30.450000,87.050000,170.106995
30.450000,87.150000,93.376999
30.450000,87.250000,218.832993
30.450000,87.350000,458.377014
30.450000,87.450000,208.796005
30.450000,87.550000,74.657097
30.450000,87.850000,0.0050